"49","82","74","1","2023-10-25 13:12:58","56","2023-10-27 13:12:58"
"53","2","164","2","2023-10-25 13:12:58","33","2023-10-27 13:12:58"
"65","42","204","3","2023-10-25 13:12:58","103","2023-10-27 13:12:58"
"38","42","19","4","2023-10-25 13:12:58","91","2023-10-27 13:12:58"
"74","8","193","5","2023-10-25 13:12:58","64","2023-10-27 13:12:58"
"17","65","97","6","2023-10-25 13:12:58","35","2023-10-27 13:12:58"
"96","82","121","7","2023-10-25 13:12:58","79","2023-10-27 13:12:58"
"32","50","173","8","2023-10-25 13:12:58","75","2023-10-27 13:12:58"
"39","5","121","9","2023-10-25 13:12:58","37","2023-10-27 13:12:58"
"87","12","59","10","2023-10-25 13:12:58","120","2023-10-27 13:12:58"
"71","5","121","11","2023-10-25 13:12:58","90","2023-10-27 13:12:58"
"55","12","196","12","2023-10-25 13:12:58","312","2023-10-27 13:12:58"
"81","8","244","13","2023-10-25 13:12:58","70","2023-10-27 13:12:58"
"61","31","238","14","2023-10-25 13:12:58","133","2023-10-27 13:12:58"
"33","5","217","15","2023-10-25 13:12:58","17","2023-10-27 13:12:58"
"1","5","134","16","2023-10-25 13:12:58","184","2023-10-27 13:12:58"
"51","81","253","17","2023-10-25 13:12:58","50","2023-10-27 13:12:58"
"85","52","29","18","2023-10-25 13:12:58","0","2023-10-27 13:12:58"
"78","42","96","19","2023-10-25 13:12:58","1","2023-10-27 13:12:58"
"31","81","79","20","2023-10-25 13:12:58","333","2023-10-27 13:12:58"
"90","5","242","21","2023-10-25 13:12:58","12","2023-10-27 13:12:58"
"72","9","186","22","2023-10-25 13:12:58","30","2023-10-27 13:12:58"
"18","51","6","23","2023-10-25 13:12:58","229","2023-10-27 13:12:58"
"11","5","162","24","2023-10-25 13:12:58","81","2023-10-27 13:12:58"
"65","42","204","25","2023-10-25 13:12:58","3","2023-10-27 13:12:58"
"38","65","251","26","2023-10-25 13:12:58","74","2023-10-27 13:12:58"
"90","6","175","27","2023-10-25 13:12:58","35","2023-10-27 13:12:58"
"42","51","6","28","2023-10-25 13:12:58","52","2023-10-27 13:12:58"
"77","51","251","29","2023-10-25 13:12:58","300","2023-10-27 13:12:58"
"36","31","238","30","2023-10-25 13:12:58","5","2023-10-27 13:12:58"
"76","14","183","31","2023-10-25 13:12:58","324","2023-10-27 13:12:58"
"73","9","34","32","2023-10-25 13:12:58","37","2023-10-27 13:12:58"
"23","6","216","33","2023-10-25 13:12:58","191","2023-10-27 13:12:58"
"4","98","201","34","2023-10-25 13:12:58","84","2023-10-27 13:12:58"
"33","65","222","35","2023-10-25 13:12:58","35","2023-10-27 13:12:58"
"11","65","234","36","2023-10-25 13:12:58","2","2023-10-27 13:12:58"
"19","2","83","37","2023-10-25 13:12:58","107","2023-10-27 13:12:58"
"10","81","249","38","2023-10-25 13:12:58","276","2023-10-27 13:12:58"
"87","14","50","39","2023-10-25 13:12:58","16","2023-10-27 13:12:58"
"35","50","78","40","2023-10-25 13:12:58","120","2023-10-27 13:12:58"
"27","65","234","41","2023-10-25 13:12:58","4","2023-10-27 13:12:58"
"53","51","108","42","2023-10-25 13:12:58","35","2023-10-27 13:12:58"
"57","52","96","43","2023-10-25 13:12:58","182","2023-10-27 13:12:58"
"10","12","203","44","2023-10-25 13:12:58","14","2023-10-27 13:12:58"
"62","51","240","45","2023-10-25 13:12:58","322","2023-10-27 13:12:58"
"42","6","216","46","2023-10-25 13:12:58","124","2023-10-27 13:12:58"
"2","81","79","47","2023-10-25 13:12:58","69","2023-10-27 13:12:58"
"14","81","184","48","2023-10-25 13:12:58","14","2023-10-27 13:12:58"
"47","6","42","49","2023-10-25 13:12:58","21","2023-10-27 13:12:58"
"54","81","217","50","2023-10-25 13:12:58","25","2023-10-27 13:12:58"
"18","81","249","51","2023-10-25 13:12:58","56","2023-10-27 13:12:58"
"5","51","223","52","2023-10-25 13:12:58","162","2023-10-27 13:12:58"
"68","52","232","53","2023-10-25 13:12:58","37","2023-10-27 13:12:58"
"3","6","175","54","2023-10-25 13:12:58","6","2023-10-27 13:12:58"
"77","51","223","55","2023-10-25 13:12:58","1","2023-10-27 13:12:58"
"50","5","134","56","2023-10-25 13:12:58","23","2023-10-27 13:12:58"
"14","2","83","57","2023-10-25 13:12:58","0","2023-10-27 13:12:58"
"24","6","248","58","2023-10-25 13:12:58","31","2023-10-27 13:12:58"
"61","8","244","59","2023-10-25 13:12:58","3","2023-10-27 13:12:58"
"86","2","39","60","2023-10-25 13:12:58","6","2023-10-27 13:12:58"
"79","42","121","61","2023-10-25 13:12:58","33","2023-10-27 13:12:58"
"8","9","186","62","2023-10-25 13:12:58","4","2023-10-27 13:12:58"
"82","12","90","63","2023-10-25 13:12:58","358","2023-10-27 13:12:58"
"55","6","248","64","2023-10-25 13:12:58","15","2023-10-27 13:12:58"
"64","39","77","65","2023-10-25 13:12:58","5","2023-10-27 13:12:58"
"76","42","121","66","2023-10-25 13:12:58","22","2023-10-27 13:12:58"
"50","8","60","67","2023-10-25 13:12:58","33","2023-10-27 13:12:58"
"45","81","79","68","2023-10-25 13:12:58","120","2023-10-27 13:12:58"
"72","6","42","69","2023-10-25 13:12:58","22","2023-10-27 13:12:58"
"86","52","244","70","2023-10-25 13:12:58","196","2023-10-27 13:12:58"
"7","98","252","71","2023-10-25 13:12:58","43","2023-10-27 13:12:58"
"20","6","48","72","2023-10-25 13:12:58","350","2023-10-27 13:12:58"
"67","51","107","73","2023-10-25 13:12:58","120","2023-10-27 13:12:58"
"76","31","238","74","2023-10-25 13:12:58","42","2023-10-27 13:12:58"
"22","2","152","75","2023-10-25 13:12:58","60","2023-10-27 13:12:58"
"87","22","43","76","2023-10-25 13:12:58","582","2023-10-27 13:12:58"
"65","82","171","77","2023-10-25 13:12:58","41","2023-10-27 13:12:58"
"45","14","183","78","2023-10-25 13:12:58","336","2023-10-27 13:12:58"
"32","6","231","79","2023-10-25 13:12:58","143","2023-10-27 13:12:58"
"88","2","152","80","2023-10-25 13:12:58","14","2023-10-27 13:12:58"
"94","5","162","81","2023-10-25 13:12:58","42","2023-10-27 13:12:58"
"94","2","164","82","2023-10-25 13:12:58","34","2023-10-27 13:12:58"
"35","6","132","83","2023-10-25 13:12:58","122","2023-10-27 13:12:58"
"97","42","19","84","2023-10-25 13:12:58","45","2023-10-27 13:12:58"
"78","65","97","85","2023-10-25 13:12:58","91","2023-10-27 13:12:58"
"75","82","9","86","2023-10-25 13:12:58","158","2023-10-27 13:12:58"
"16","81","123","87","2023-10-25 13:12:58","79","2023-10-27 13:12:58"
"49","82","160","88","2023-10-25 13:12:58","106","2023-10-27 13:12:58"
"83","5","162","89","2023-10-25 13:12:58","0","2023-10-27 13:12:58"
"76","6","216","90","2023-10-25 13:12:58","178","2023-10-27 13:12:58"
"42","6","48","91","2023-10-25 13:12:58","61","2023-10-27 13:12:58"
"28","82","9","92","2023-10-25 13:12:58","28","2023-10-27 13:12:58"
"48","81","184","93","2023-10-25 13:12:58","36","2023-10-27 13:12:58"
"53","2","83","94","2023-10-25 13:12:58","6","2023-10-27 13:12:58"
"89","51","68","95","2023-10-25 13:12:58","214","2023-10-27 13:12:58"
"98","65","212","96","2023-10-25 13:12:58","5","2023-10-27 13:12:58"
"21","36","52","97","2023-10-25 13:12:58","8","2023-10-27 13:12:58"
"33","81","249","98","2023-10-25 13:12:58","20","2023-10-27 13:12:58"
"57","50","10","99","2023-10-25 13:12:58","453","2023-10-27 13:12:58"
"62","51","157","100","2023-10-25 13:12:58","309","2023-10-27 13:12:58"
"96","2","8","101","2023-10-25 13:12:58","4","2023-10-27 13:12:58"
"63","12","203","102","2023-10-25 13:12:58","19","2023-10-27 13:12:58"
"59","2","63","103","2023-10-25 13:12:58","3","2023-10-27 13:12:58"
"24","51","157","104","2023-10-25 13:12:58","81","2023-10-27 13:12:58"
"10","81","79","105","2023-10-25 13:12:58","8","2023-10-27 13:12:58"
"1","22","43","106","2023-10-25 13:12:58","106","2023-10-27 13:12:58"
"40","2","8","107","2023-10-25 13:12:58","27","2023-10-27 13:12:58"
"1","81","85","108","2023-10-25 13:12:58","0","2023-10-27 13:12:58"
"86","50","173","109","2023-10-25 13:12:58","156","2023-10-27 13:12:58"
"12","8","60","110","2023-10-25 13:12:58","15","2023-10-27 13:12:58"
"77","65","212","111","2023-10-25 13:12:58","25","2023-10-27 13:12:58"
"38","10","97","112","2023-10-25 13:12:58","705","2023-10-27 13:12:58"
"23","5","208","113","2023-10-25 13:12:58","487","2023-10-27 13:12:58"
"50","82","9","114","2023-10-25 13:12:58","2","2023-10-27 13:12:58"
"2","65","97","115","2023-10-25 13:12:58","28","2023-10-27 13:12:58"
"14","10","81","116","2023-10-25 13:12:58","34","2023-10-27 13:12:58"
"83","50","10","117","2023-10-25 13:12:58","1","2023-10-27 13:12:58"
"14","6","48","118","2023-10-25 13:12:58","35","2023-10-27 13:12:58"
"2","2","164","119","2023-10-25 13:12:58","0","2023-10-27 13:12:58"
"26","81","249","120","2023-10-25 13:12:58","16","2023-10-27 13:12:58"
"71","12","203","121","2023-10-25 13:12:58","23","2023-10-27 13:12:58"
"72","2","164","122","2023-10-25 13:12:58","11","2023-10-27 13:12:58"
"89","52","29","123","2023-10-25 13:12:58","63","2023-10-27 13:12:58"
"91","65","103","124","2023-10-25 13:12:58","469","2023-10-27 13:12:58"
"81","36","52","125","2023-10-25 13:12:58","47","2023-10-27 13:12:58"
"68","6","216","126","2023-10-25 13:12:58","6","2023-10-27 13:12:58"
"48","52","201","127","2023-10-25 13:12:58","0","2023-10-27 13:12:58"
"1","6","231","128","2023-10-25 13:12:58","2","2023-10-27 13:12:58"
"34","13","206","129","2023-10-25 13:12:58","10","2023-10-27 13:12:58"
"47","81","179","130","2023-10-25 13:12:58","95","2023-10-27 13:12:58"
"43","65","56","131","2023-10-25 13:12:58","4","2023-10-27 13:12:58"
"5","10","97","132","2023-10-25 13:12:58","20","2023-10-27 13:12:58"
"19","52","232","133","2023-10-25 13:12:58","74","2023-10-27 13:12:58"
"46","65","43","134","2023-10-25 13:12:58","280","2023-10-27 13:12:58"
"16","12","171","135","2023-10-25 13:12:58","14","2023-10-27 13:12:58"
"61","82","74","136","2023-10-25 13:12:58","0","2023-10-27 13:12:58"
"6","12","203","137","2023-10-25 13:12:58","2","2023-10-27 13:12:58"
"66","82","74","138","2023-10-25 13:12:58","0","2023-10-27 13:12:58"
"38","22","237","139","2023-10-25 13:12:58","106","2023-10-27 13:12:58"
"42","12","196","140","2023-10-25 13:12:58","13","2023-10-27 13:12:58"
"13","42","127","141","2023-10-25 13:12:58","287","2023-10-27 13:12:58"
"61","42","204","142","2023-10-25 13:12:58","10","2023-10-27 13:12:58"
"43","6","132","143","2023-10-25 13:12:58","245","2023-10-27 13:12:58"
"14","81","85","144","2023-10-25 13:12:58","31","2023-10-27 13:12:58"
"54","2","83","145","2023-10-25 13:12:58","1","2023-10-27 13:12:58"
"42","96","116","146","2023-10-25 13:12:58","703","2023-10-27 13:12:58"
"19","6","248","147","2023-10-25 13:12:58","80","2023-10-27 13:12:58"
"72","14","50","148","2023-10-25 13:12:58","0","2023-10-27 13:12:58"
"8","5","121","149","2023-10-25 13:12:58","50","2023-10-27 13:12:58"
"95","9","34","150","2023-10-25 13:12:58","3","2023-10-27 13:12:58"
"49","2","152","151","2023-10-25 13:12:58","1","2023-10-27 13:12:58"
"50","51","108","152","2023-10-25 13:12:58","33","2023-10-27 13:12:58"
"37","39","77","153","2023-10-25 13:12:58","62","2023-10-27 13:12:58"
"74","81","179","154","2023-10-25 13:12:58","222","2023-10-27 13:12:58"
"54","82","121","155","2023-10-25 13:12:58","1","2023-10-27 13:12:58"
"28","82","227","156","2023-10-25 13:12:58","74","2023-10-27 13:12:58"
"99","6","248","157","2023-10-25 13:12:58","27","2023-10-27 13:12:58"
"24","52","144","158","2023-10-25 13:12:58","29","2023-10-27 13:12:58"
"8","81","85","159","2023-10-25 13:12:58","0","2023-10-27 13:12:58"
"67","39","77","160","2023-10-25 13:12:58","48","2023-10-27 13:12:58"
"86","8","193","161","2023-10-25 13:12:58","7","2023-10-27 13:12:58"
"63","65","43","162","2023-10-25 13:12:58","4","2023-10-27 13:12:58"
"26","65","103","163","2023-10-25 13:12:58","21","2023-10-27 13:12:58"
"27","65","56","164","2023-10-25 13:12:58","18","2023-10-27 13:12:58"
"13","8","193","165","2023-10-25 13:12:58","29","2023-10-27 13:12:58"
"48","13","112","166","2023-10-25 13:12:58","279","2023-10-27 13:12:58"
"19","6","175","167","2023-10-25 13:12:58","9","2023-10-27 13:12:58"
"62","6","48","168","2023-10-25 13:12:58","72","2023-10-27 13:12:58"
"51","65","212","169","2023-10-25 13:12:58","43","2023-10-27 13:12:58"
"54","51","6","170","2023-10-25 13:12:58","126","2023-10-27 13:12:58"
"86","12","172","171","2023-10-25 13:12:58","510","2023-10-27 13:12:58"
"63","65","212","172","2023-10-25 13:12:58","0","2023-10-27 13:12:58"
"69","65","9","173","2023-10-25 13:12:58","28","2023-10-27 13:12:58"
"1","42","16","174","2023-10-25 13:12:58","325","2023-10-27 13:12:58"
"41","2","83","175","2023-10-25 13:12:58","0","2023-10-27 13:12:58"
"32","52","29","176","2023-10-25 13:12:58","1","2023-10-27 13:12:58"
"48","52","232","177","2023-10-25 13:12:58","75","2023-10-27 13:12:58"
"91","81","79","178","2023-10-25 13:12:58","30","2023-10-27 13:12:58"
"8","82","121","179","2023-10-25 13:12:58","0","2023-10-27 13:12:58"
"8","9","34","180","2023-10-25 13:12:58","8","2023-10-27 13:12:58"
"5","12","196","181","2023-10-25 13:12:58","0","2023-10-27 13:12:58"
"97","39","77","182","2023-10-25 13:12:58","2","2023-10-27 13:12:58"
"20","6","42","183","2023-10-25 13:12:58","5","2023-10-27 13:12:58"
"58","14","50","184","2023-10-25 13:12:58","3","2023-10-27 13:12:58"
"67","51","6","185","2023-10-25 13:12:58","0","2023-10-27 13:12:58"
"73","5","208","186","2023-10-25 13:12:58","86","2023-10-27 13:12:58"
"66","65","9","187","2023-10-25 13:12:58","9","2023-10-27 13:12:58"
"95","39","225","188","2023-10-25 13:12:58","96","2023-10-27 13:12:58"
"26","12","196","189","2023-10-25 13:12:58","3","2023-10-27 13:12:58"
"61","98","40","190","2023-10-25 13:12:58","311","2023-10-27 13:12:58"
"75","51","107","191","2023-10-25 13:12:58","435","2023-10-27 13:12:58"
"2","81","184","192","2023-10-25 13:12:58","0","2023-10-27 13:12:58"
"94","8","244","193","2023-10-25 13:12:58","19","2023-10-27 13:12:58"
"64","98","201","194","2023-10-25 13:12:58","16","2023-10-27 13:12:58"
"42","5","162","195","2023-10-25 13:12:58","63","2023-10-27 13:12:58"
"33","12","59","196","2023-10-25 13:12:58","49","2023-10-27 13:12:58"
"52","98","40","197","2023-10-25 13:12:58","103","2023-10-27 13:12:58"
"49","5","41","198","2023-10-25 13:12:58","41","2023-10-27 13:12:58"
"82","6","135","199","2023-10-25 13:12:58","122","2023-10-27 13:12:58"
"36","98","146","200","2023-10-25 13:12:58","10","2023-10-27 13:12:58"
"7","2","83","201","2023-10-25 13:12:58","1","2023-10-27 13:12:58"
"53","50","235","202","2023-10-25 13:12:58","503","2023-10-27 13:12:58"
"77","98","92","203","2023-10-25 13:12:58","41","2023-10-27 13:12:58"
"86","82","74","204","2023-10-25 13:12:58","0","2023-10-27 13:12:58"
"45","39","225","205","2023-10-25 13:12:58","1","2023-10-27 13:12:58"
"78","50","87","206","2023-10-25 13:12:58","98","2023-10-27 13:12:58"
"58","5","41","207","2023-10-25 13:12:58","25","2023-10-27 13:12:58"
"60","6","248","208","2023-10-25 13:12:58","0","2023-10-27 13:12:58"
"4","65","47","209","2023-10-25 13:12:58","316","2023-10-27 13:12:58"
"16","81","154","210","2023-10-25 13:12:58","20","2023-10-27 13:12:58"
"13","82","74","211","2023-10-25 13:12:58","1","2023-10-27 13:12:58"
"24","31","45","212","2023-10-25 13:12:58","1","2023-10-27 13:12:58"
"14","5","162","213","2023-10-25 13:12:58","9","2023-10-27 13:12:58"
"89","50","87","214","2023-10-25 13:12:58","21","2023-10-27 13:12:58"
"83","6","135","215","2023-10-25 13:12:58","174","2023-10-27 13:12:58"
"91","65","234","216","2023-10-25 13:12:58","1","2023-10-27 13:12:58"
"16","31","45","217","2023-10-25 13:12:58","1","2023-10-27 13:12:58"
"95","96","116","218","2023-10-25 13:12:58","3","2023-10-27 13:12:58"
"66","9","186","219","2023-10-25 13:12:58","2","2023-10-27 13:12:58"
"50","52","96","220","2023-10-25 13:12:58","47","2023-10-27 13:12:58"
"96","9","186","221","2023-10-25 13:12:58","29","2023-10-27 13:12:58"
"45","81","249","222","2023-10-25 13:12:58","4","2023-10-27 13:12:58"
"5","5","242","223","2023-10-25 13:12:58","31","2023-10-27 13:12:58"
"32","2","28","224","2023-10-25 13:12:58","66","2023-10-27 13:12:58"
"85","52","29","225","2023-10-25 13:12:58","1","2023-10-27 13:12:58"
"29","42","127","226","2023-10-25 13:12:58","80","2023-10-27 13:12:58"
"99","51","68","227","2023-10-25 13:12:58","178","2023-10-27 13:12:58"
"67","42","222","228","2023-10-25 13:12:58","519","2023-10-27 13:12:58"
"39","6","132","229","2023-10-25 13:12:58","37","2023-10-27 13:12:58"
"54","52","29","230","2023-10-25 13:12:58","1","2023-10-27 13:12:58"
"10","6","88","231","2023-10-25 13:12:58","212","2023-10-27 13:12:58"
"8","6","175","232","2023-10-25 13:12:58","1","2023-10-27 13:12:58"
"99","6","248","233","2023-10-25 13:12:58","11","2023-10-27 13:12:58"
"3","42","153","234","2023-10-25 13:12:58","220","2023-10-27 13:12:58"
"87","42","222","235","2023-10-25 13:12:58","0","2023-10-27 13:12:58"
"63","13","250","236","2023-10-25 13:12:58","32","2023-10-27 13:12:58"
"10","22","58","237","2023-10-25 13:12:58","1","2023-10-27 13:12:58"
"15","22","58","238","2023-10-25 13:12:58","0","2023-10-27 13:12:58"
"44","14","183","239","2023-10-25 13:12:58","2","2023-10-27 13:12:58"
"1","10","81","240","2023-10-25 13:12:58","104","2023-10-27 13:12:58"
"46","42","121","241","2023-10-25 13:12:58","2","2023-10-27 13:12:58"
"26","2","8","242","2023-10-25 13:12:58","13","2023-10-27 13:12:58"
"84","82","160","243","2023-10-25 13:12:58","31","2023-10-27 13:12:58"
"95","2","8","244","2023-10-25 13:12:58","18","2023-10-27 13:12:58"
"47","98","92","245","2023-10-25 13:12:58","12","2023-10-27 13:12:58"
"77","10","81","246","2023-10-25 13:12:58","2","2023-10-27 13:12:58"
"23","50","87","247","2023-10-25 13:12:58","1","2023-10-27 13:12:58"
"61","14","183","248","2023-10-25 13:12:58","4","2023-10-27 13:12:58"
"16","22","28","249","2023-10-25 13:12:58","3","2023-10-27 13:12:58"
"46","13","144","250","2023-10-25 13:12:58","121","2023-10-27 13:12:58"
"37","12","59","251","2023-10-25 13:12:58","8","2023-10-27 13:12:58"
"81","13","250","252","2023-10-25 13:12:58","11","2023-10-27 13:12:58"
"75","5","208","253","2023-10-25 13:12:58","3","2023-10-27 13:12:58"
"68","65","56","254","2023-10-25 13:12:58","39","2023-10-27 13:12:58"
"20","22","40","255","2023-10-25 13:12:58","150","2023-10-27 13:12:58"
"16","12","107","256","2023-10-25 13:12:58","161","2023-10-27 13:12:58"
"65","10","227","257","2023-10-25 13:12:58","1","2023-10-27 13:12:58"
"96","8","193","258","2023-10-25 13:12:58","4","2023-10-27 13:12:58"
"47","65","222","259","2023-10-25 13:12:58","23","2023-10-27 13:12:58"
"16","65","212","260","2023-10-25 13:12:58","0","2023-10-27 13:12:58"
"50","42","121","261","2023-10-25 13:12:58","5","2023-10-27 13:12:58"
"9","50","231","262","2023-10-25 13:12:58","107","2023-10-27 13:12:58"
"38","98","201","263","2023-10-25 13:12:58","13","2023-10-27 13:12:58"
"94","50","235","264","2023-10-25 13:12:58","151","2023-10-27 13:12:58"
"54","12","172","265","2023-10-25 13:12:58","81","2023-10-27 13:12:58"
"45","5","208","266","2023-10-25 13:12:58","7","2023-10-27 13:12:58"
"56","81","249","267","2023-10-25 13:12:58","23","2023-10-27 13:12:58"
"81","51","240","268","2023-10-25 13:12:58","3","2023-10-27 13:12:58"
"48","39","77","269","2023-10-25 13:12:58","0","2023-10-27 13:12:58"
"53","13","250","270","2023-10-25 13:12:58","28","2023-10-27 13:12:58"
"26","22","237","271","2023-10-25 13:12:58","9","2023-10-27 13:12:58"
"60","5","127","272","2023-10-25 13:12:58","0","2023-10-27 13:12:58"
"13","82","171","273","2023-10-25 13:12:58","3","2023-10-27 13:12:58"
"71","65","103","274","2023-10-25 13:12:58","352","2023-10-27 13:12:58"
"19","98","146","275","2023-10-25 13:12:58","7","2023-10-27 13:12:58"
"51","8","193","276","2023-10-25 13:12:58","6","2023-10-27 13:12:58"
"55","52","244","277","2023-10-25 13:12:58","7","2023-10-27 13:12:58"
"58","13","112","278","2023-10-25 13:12:58","119","2023-10-27 13:12:58"
"66","50","235","279","2023-10-25 13:12:58","45","2023-10-27 13:12:58"
"59","81","249","280","2023-10-25 13:12:58","10","2023-10-27 13:12:58"
"11","51","6","281","2023-10-25 13:12:58","12","2023-10-27 13:12:58"
"26","12","59","282","2023-10-25 13:12:58","0","2023-10-27 13:12:58"
"89","42","153","283","2023-10-25 13:12:58","79","2023-10-27 13:12:58"
"59","2","8","284","2023-10-25 13:12:58","6","2023-10-27 13:12:58"
"38","6","132","285","2023-10-25 13:12:58","98","2023-10-27 13:12:58"
"80","12","172","286","2023-10-25 13:12:58","34","2023-10-27 13:12:58"
"77","6","248","287","2023-10-25 13:12:58","1","2023-10-27 13:12:58"
"90","50","173","288","2023-10-25 13:12:58","5","2023-10-27 13:12:58"
"86","51","157","289","2023-10-25 13:12:58","1","2023-10-27 13:12:58"
"69","39","225","290","2023-10-25 13:12:58","8","2023-10-27 13:12:58"
"80","2","39","291","2023-10-25 13:12:58","0","2023-10-27 13:12:58"
"34","82","160","292","2023-10-25 13:12:58","5","2023-10-27 13:12:58"
"0","65","97","293","2023-10-25 13:12:58","12","2023-10-27 13:12:58"
"67","65","56","294","2023-10-25 13:12:58","45","2023-10-27 13:12:58"
"50","42","96","295","2023-10-25 13:12:58","0","2023-10-27 13:12:58"
"95","10","97","296","2023-10-25 13:12:58","45","2023-10-27 13:12:58"
"36","96","116","297","2023-10-25 13:12:58","6","2023-10-27 13:12:58"
"76","5","208","298","2023-10-25 13:12:58","1","2023-10-27 13:12:58"
"9","10","109","299","2023-10-25 13:12:58","312","2023-10-27 13:12:58"
"68","13","112","300","2023-10-25 13:12:58","0","2023-10-27 13:12:58"
"67","82","227","301","2023-10-25 13:12:58","1","2023-10-27 13:12:58"
"8","42","222","302","2023-10-25 13:12:58","13","2023-10-27 13:12:58"
"37","12","203","303","2023-10-25 13:12:58","8","2023-10-27 13:12:58"
"17","65","9","304","2023-10-25 13:12:58","66","2023-10-27 13:12:58"
"80","9","34","305","2023-10-25 13:12:58","17","2023-10-27 13:12:58"
"13","39","77","306","2023-10-25 13:12:58","4","2023-10-27 13:12:58"
"51","82","171","307","2023-10-25 13:12:58","9","2023-10-27 13:12:58"
"56","22","237","308","2023-10-25 13:12:58","2","2023-10-27 13:12:58"
"20","6","135","309","2023-10-25 13:12:58","7","2023-10-27 13:12:58"
"48","39","225","310","2023-10-25 13:12:58","7","2023-10-27 13:12:58"
"17","52","29","311","2023-10-25 13:12:58","1","2023-10-27 13:12:58"
"45","81","85","312","2023-10-25 13:12:58","7","2023-10-27 13:12:58"
"95","42","19","313","2023-10-25 13:12:58","27","2023-10-27 13:12:58"
"61","51","157","314","2023-10-25 13:12:58","4","2023-10-27 13:12:58"
"40","96","223","315","2023-10-25 13:12:58","333","2023-10-27 13:12:58"
"7","42","153","316","2023-10-25 13:12:58","9","2023-10-27 13:12:58"
"18","96","223","317","2023-10-25 13:12:58","6","2023-10-27 13:12:58"
"79","96","243","318","2023-10-25 13:12:58","0","2023-10-27 13:12:58"
"45","51","6","319","2023-10-25 13:12:58","1","2023-10-27 13:12:58"
"1","98","201","320","2023-10-25 13:12:58","1","2023-10-27 13:12:58"
"87","5","208","321","2023-10-25 13:12:58","12","2023-10-27 13:12:58"
"0","22","43","322","2023-10-25 13:12:58","2","2023-10-27 13:12:58"
"14","81","79","323","2023-10-25 13:12:58","0","2023-10-27 13:12:58"
"34","82","160","324","2023-10-25 13:12:58","89","2023-10-27 13:12:58"
"37","10","81","325","2023-10-25 13:12:58","1","2023-10-27 13:12:58"
"96","65","103","326","2023-10-25 13:12:58","18","2023-10-27 13:12:58"
"24","82","88","327","2023-10-25 13:12:58","55","2023-10-27 13:12:58"
"58","52","144","328","2023-10-25 13:12:58","49","2023-10-27 13:12:58"
"21","13","144","329","2023-10-25 13:12:58","26","2023-10-27 13:12:58"
"82","51","96","330","2023-10-25 13:12:58","75","2023-10-27 13:12:58"
"57","50","235","331","2023-10-25 13:12:58","33","2023-10-27 13:12:58"
"40","50","231","332","2023-10-25 13:12:58","13","2023-10-27 13:12:58"
"23","42","153","333","2023-10-25 13:12:58","5","2023-10-27 13:12:58"
"49","42","204","334","2023-10-25 13:12:58","12","2023-10-27 13:12:58"
"62","31","238","335","2023-10-25 13:12:58","7","2023-10-27 13:12:58"
"25","42","153","336","2023-10-25 13:12:58","1","2023-10-27 13:12:58"
"75","5","41","337","2023-10-25 13:12:58","99","2023-10-27 13:12:58"
"4","10","81","338","2023-10-25 13:12:58","0","2023-10-27 13:12:58"
"23","22","43","339","2023-10-25 13:12:58","3","2023-10-27 13:12:58"
"95","82","160","340","2023-10-25 13:12:58","10","2023-10-27 13:12:58"
"22","50","81","341","2023-10-25 13:12:58","19","2023-10-27 13:12:58"
"38","81","85","342","2023-10-25 13:12:58","0","2023-10-27 13:12:58"
"90","98","120","343","2023-10-25 13:12:58","145","2023-10-27 13:12:58"
"98","22","58","344","2023-10-25 13:12:58","6","2023-10-27 13:12:58"
"58","5","41","345","2023-10-25 13:12:58","33","2023-10-27 13:12:58"
"85","98","92","346","2023-10-25 13:12:58","280","2023-10-27 13:12:58"
"94","42","96","347","2023-10-25 13:12:58","1","2023-10-27 13:12:58"
"62","10","97","348","2023-10-25 13:12:58","22","2023-10-27 13:12:58"
"60","96","243","349","2023-10-25 13:12:58","10","2023-10-27 13:12:58"
"34","5","242","350","2023-10-25 13:12:58","0","2023-10-27 13:12:58"
"6","6","216","351","2023-10-25 13:12:58","11","2023-10-27 13:12:58"
"0","12","59","352","2023-10-25 13:12:58","0","2023-10-27 13:12:58"
"17","5","134","353","2023-10-25 13:12:58","13","2023-10-27 13:12:58"
"87","12","107","354","2023-10-25 13:12:58","77","2023-10-27 13:12:58"
"50","65","47","355","2023-10-25 13:12:58","56","2023-10-27 13:12:58"
"58","9","186","356","2023-10-25 13:12:58","5","2023-10-27 13:12:58"
"77","82","88","357","2023-10-25 13:12:58","5","2023-10-27 13:12:58"
"40","13","250","358","2023-10-25 13:12:58","8","2023-10-27 13:12:58"
"58","13","250","359","2023-10-25 13:12:58","2","2023-10-27 13:12:58"
"3","52","232","360","2023-10-25 13:12:58","5","2023-10-27 13:12:58"
"24","22","237","361","2023-10-25 13:12:58","0","2023-10-27 13:12:58"
"26","98","201","362","2023-10-25 13:12:58","2","2023-10-27 13:12:58"
"24","9","70","363","2023-10-25 13:12:58","128","2023-10-27 13:12:58"
"86","12","172","364","2023-10-25 13:12:58","2","2023-10-27 13:12:58"
"66","31","238","365","2023-10-25 13:12:58","4","2023-10-27 13:12:58"
"61","14","183","366","2023-10-25 13:12:58","1","2023-10-27 13:12:58"
"5","13","206","367","2023-10-25 13:12:58","17","2023-10-27 13:12:58"
"9","2","152","368","2023-10-25 13:12:58","7","2023-10-27 13:12:58"
"63","50","87","369","2023-10-25 13:12:58","0","2023-10-27 13:12:58"
"52","51","240","370","2023-10-25 13:12:58","29","2023-10-27 13:12:58"
"56","6","135","371","2023-10-25 13:12:58","5","2023-10-27 13:12:58"
"10","10","18","372","2023-10-25 13:12:58","101","2023-10-27 13:12:58"
"97","6","248","373","2023-10-25 13:12:58","1","2023-10-27 13:12:58"
"27","50","78","374","2023-10-25 13:12:58","156","2023-10-27 13:12:58"
"9","42","153","375","2023-10-25 13:12:58","2","2023-10-27 13:12:58"
"96","65","222","376","2023-10-25 13:12:58","10","2023-10-27 13:12:58"
"23","65","97","377","2023-10-25 13:12:58","7","2023-10-27 13:12:58"
"28","96","231","378","2023-10-25 13:12:58","285","2023-10-27 13:12:58"
"45","52","144","379","2023-10-25 13:12:58","27","2023-10-27 13:12:58"
"13","81","154","380","2023-10-25 13:12:58","9","2023-10-27 13:12:58"
"78","65","212","381","2023-10-25 13:12:58","0","2023-10-27 13:12:58"
"91","12","172","382","2023-10-25 13:12:58","3","2023-10-27 13:12:58"
"65","81","179","383","2023-10-25 13:12:58","236","2023-10-27 13:12:58"
"68","98","146","384","2023-10-25 13:12:58","2","2023-10-27 13:12:58"
"34","10","18","385","2023-10-25 13:12:58","16","2023-10-27 13:12:58"
"15","82","160","386","2023-10-25 13:12:58","0","2023-10-27 13:12:58"
"22","51","96","387","2023-10-25 13:12:58","127","2023-10-27 13:12:58"
"27","12","59","388","2023-10-25 13:12:58","0","2023-10-27 13:12:58"
"94","65","47","389","2023-10-25 13:12:58","65","2023-10-27 13:12:58"
"54","5","41","390","2023-10-25 13:12:58","0","2023-10-27 13:12:58"
"49","98","252","391","2023-10-25 13:12:58","4","2023-10-27 13:12:58"
"15","81","181","392","2023-10-25 13:12:58","183","2023-10-27 13:12:58"
"29","65","212","393","2023-10-25 13:12:58","1","2023-10-27 13:12:58"
"28","10","227","394","2023-10-25 13:12:58","0","2023-10-27 13:12:58"
"66","13","250","395","2023-10-25 13:12:58","2","2023-10-27 13:12:58"
"41","10","18","396","2023-10-25 13:12:58","382","2023-10-27 13:12:58"
"80","52","120","397","2023-10-25 13:12:58","293","2023-10-27 13:12:58"
"74","52","244","398","2023-10-25 13:12:58","2","2023-10-27 13:12:58"
"1","81","181","399","2023-10-25 13:12:58","129","2023-10-27 13:12:58"
"41","31","238","400","2023-10-25 13:12:58","4","2023-10-27 13:12:58"
"81","22","28","401","2023-10-25 13:12:58","2","2023-10-27 13:12:58"
"50","6","216","402","2023-10-25 13:12:58","2","2023-10-27 13:12:58"
"65","82","121","403","2023-10-25 13:12:58","0","2023-10-27 13:12:58"
"97","10","243","404","2023-10-25 13:12:58","508","2023-10-27 13:12:58"
"72","10","107","405","2023-10-25 13:12:58","60","2023-10-27 13:12:58"
"93","50","231","406","2023-10-25 13:12:58","26","2023-10-27 13:12:58"
"29","42","19","407","2023-10-25 13:12:58","22","2023-10-27 13:12:58"
"77","82","160","408","2023-10-25 13:12:58","1","2023-10-27 13:12:58"
"80","52","166","409","2023-10-25 13:12:58","3","2023-10-27 13:12:58"
"78","2","28","410","2023-10-25 13:12:58","16","2023-10-27 13:12:58"
"76","22","40","411","2023-10-25 13:12:58","500","2023-10-27 13:12:58"
"58","52","144","412","2023-10-25 13:12:58","0","2023-10-27 13:12:58"
"28","81","123","413","2023-10-25 13:12:58","83","2023-10-27 13:12:58"
"20","52","166","414","2023-10-25 13:12:58","15","2023-10-27 13:12:58"
"69","13","112","415","2023-10-25 13:12:58","5","2023-10-27 13:12:58"
"10","12","90","416","2023-10-25 13:12:58","35","2023-10-27 13:12:58"
"77","50","87","417","2023-10-25 13:12:58","3","2023-10-27 13:12:58"
"40","12","172","418","2023-10-25 13:12:58","1","2023-10-27 13:12:58"
"7","10","243","419","2023-10-25 13:12:58","9","2023-10-27 13:12:58"
"40","65","97","420","2023-10-25 13:12:58","2","2023-10-27 13:12:58"
"56","50","81","421","2023-10-25 13:12:58","1","2023-10-27 13:12:58"
"44","8","60","422","2023-10-25 13:12:58","39","2023-10-27 13:12:58"
"2","39","225","423","2023-10-25 13:12:58","0","2023-10-27 13:12:58"
"93","6","216","424","2023-10-25 13:12:58","5","2023-10-27 13:12:58"
"2","82","9","425","2023-10-25 13:12:58","20","2023-10-27 13:12:58"
"7","22","28","426","2023-10-25 13:12:58","3","2023-10-27 13:12:58"
"5","2","152","427","2023-10-25 13:12:58","1","2023-10-27 13:12:58"
"83","22","43","428","2023-10-25 13:12:58","4","2023-10-27 13:12:58"
"7","36","52","429","2023-10-25 13:12:58","42","2023-10-27 13:12:58"
"54","6","48","430","2023-10-25 13:12:58","6","2023-10-27 13:12:58"
"57","51","223","431","2023-10-25 13:12:58","2","2023-10-27 13:12:58"
"45","14","183","432","2023-10-25 13:12:58","0","2023-10-27 13:12:58"
"83","22","237","433","2023-10-25 13:12:58","5","2023-10-27 13:12:58"
"95","65","251","434","2023-10-25 13:12:58","97","2023-10-27 13:12:58"
"1","51","251","435","2023-10-25 13:12:58","33","2023-10-27 13:12:58"
"68","81","123","436","2023-10-25 13:12:58","23","2023-10-27 13:12:58"
"87","98","201","437","2023-10-25 13:12:58","0","2023-10-27 13:12:58"
"72","6","135","438","2023-10-25 13:12:58","13","2023-10-27 13:12:58"
"49","52","244","439","2023-10-25 13:12:58","0","2023-10-27 13:12:58"
"64","6","48","440","2023-10-25 13:12:58","9","2023-10-27 13:12:58"
"84","81","154","441","2023-10-25 13:12:58","4","2023-10-27 13:12:58"
"10","98","40","442","2023-10-25 13:12:58","1","2023-10-27 13:12:58"
"22","10","97","443","2023-10-25 13:12:58","0","2023-10-27 13:12:58"
"21","81","179","444","2023-10-25 13:12:58","21","2023-10-27 13:12:58"
"91","5","208","445","2023-10-25 13:12:58","3","2023-10-27 13:12:58"
"76","82","88","446","2023-10-25 13:12:58","19","2023-10-27 13:12:58"
"80","52","232","447","2023-10-25 13:12:58","19","2023-10-27 13:12:58"
"78","5","242","448","2023-10-25 13:12:58","2","2023-10-27 13:12:58"
"43","51","96","449","2023-10-25 13:12:58","13","2023-10-27 13:12:58"
"80","81","217","450","2023-10-25 13:12:58","127","2023-10-27 13:12:58"
"11","65","222","451","2023-10-25 13:12:58","74","2023-10-27 13:12:58"
"85","6","216","452","2023-10-25 13:12:58","1","2023-10-27 13:12:58"
"30","65","103","453","2023-10-25 13:12:58","11","2023-10-27 13:12:58"
"20","50","173","454","2023-10-25 13:12:58","21","2023-10-27 13:12:58"
"34","65","47","455","2023-10-25 13:12:58","12","2023-10-27 13:12:58"
"1","14","183","456","2023-10-25 13:12:58","2","2023-10-27 13:12:58"
"36","81","179","457","2023-10-25 13:12:58","60","2023-10-27 13:12:58"
"4","81","85","458","2023-10-25 13:12:58","2","2023-10-27 13:12:58"
"70","12","90","459","2023-10-25 13:12:58","175","2023-10-27 13:12:58"
"4","98","201","460","2023-10-25 13:12:58","3","2023-10-27 13:12:58"
"92","6","135","461","2023-10-25 13:12:58","6","2023-10-27 13:12:58"
"44","65","103","462","2023-10-25 13:12:58","0","2023-10-27 13:12:58"
"2","12","171","463","2023-10-25 13:12:58","94","2023-10-27 13:12:58"
"4","10","109","464","2023-10-25 13:12:58","174","2023-10-27 13:12:58"
"87","98","252","465","2023-10-25 13:12:58","4","2023-10-27 13:12:58"
"87","10","243","466","2023-10-25 13:12:58","135","2023-10-27 13:12:58"
"66","39","225","467","2023-10-25 13:12:58","1","2023-10-27 13:12:58"
"32","10","243","468","2023-10-25 13:12:58","7","2023-10-27 13:12:58"
"72","36","52","469","2023-10-25 13:12:58","7","2023-10-27 13:12:58"
"75","81","179","470","2023-10-25 13:12:58","2","2023-10-27 13:12:58"
"20","6","216","471","2023-10-25 13:12:58","1","2023-10-27 13:12:58"
"95","2","152","472","2023-10-25 13:12:58","4","2023-10-27 13:12:58"
"6","98","252","473","2023-10-25 13:12:58","1","2023-10-27 13:12:58"
"44","50","87","474","2023-10-25 13:12:58","2","2023-10-27 13:12:58"
"80","52","144","475","2023-10-25 13:12:58","10","2023-10-27 13:12:58"
"63","51","223","476","2023-10-25 13:12:58","4","2023-10-27 13:12:58"
"55","8","193","477","2023-10-25 13:12:58","0","2023-10-27 13:12:58"
"18","98","252","478","2023-10-25 13:12:58","0","2023-10-27 13:12:58"
"56","96","231","479","2023-10-25 13:12:58","174","2023-10-27 13:12:58"
"1","65","103","480","2023-10-25 13:12:58","4","2023-10-27 13:12:58"
"95","9","34","481","2023-10-25 13:12:58","1","2023-10-27 13:12:58"
"70","52","120","482","2023-10-25 13:12:58","142","2023-10-27 13:12:58"
"22","81","179","483","2023-10-25 13:12:58","0","2023-10-27 13:12:58"
"8","52","244","484","2023-10-25 13:12:58","1","2023-10-27 13:12:58"
"64","96","116","485","2023-10-25 13:12:58","9","2023-10-27 13:12:58"
"49","52","232","486","2023-10-25 13:12:58","17","2023-10-27 13:12:58"
"39","13","16","487","2023-10-25 13:12:58","3","2023-10-27 13:12:58"
"54","12","59","488","2023-10-25 13:12:58","2","2023-10-27 13:12:58"
"68","81","179","489","2023-10-25 13:12:58","2","2023-10-27 13:12:58"
"40","42","19","490","2023-10-25 13:12:58","6","2023-10-27 13:12:58"
"90","52","232","491","2023-10-25 13:12:58","9","2023-10-27 13:12:58"
"0","81","123","492","2023-10-25 13:12:58","0","2023-10-27 13:12:58"
"84","65","251","493","2023-10-25 13:12:58","46","2023-10-27 13:12:58"
"59","5","217","494","2023-10-25 13:12:58","4","2023-10-27 13:12:58"
"52","10","227","495","2023-10-25 13:12:58","0","2023-10-27 13:12:58"
"46","82","160","496","2023-10-25 13:12:58","1","2023-10-27 13:12:58"
"87","9","34","497","2023-10-25 13:12:58","5","2023-10-27 13:12:58"
"45","81","181","498","2023-10-25 13:12:58","0","2023-10-27 13:12:58"
"93","10","109","499","2023-10-25 13:12:58","36","2023-10-27 13:12:58"
"30","12","59","500","2023-10-25 13:12:58","0","2023-10-27 13:12:58"
"97","51","240","501","2023-10-25 13:12:58","0","2023-10-27 13:12:58"
"73","52","166","502","2023-10-25 13:12:58","0","2023-10-27 13:12:58"
"95","52","166","503","2023-10-25 13:12:58","2","2023-10-27 13:12:58"
"90","6","175","504","2023-10-25 13:12:58","0","2023-10-27 13:12:58"
"21","98","201","505","2023-10-25 13:12:58","0","2023-10-27 13:12:58"
"54","51","68","506","2023-10-25 13:12:58","8","2023-10-27 13:12:58"
"32","52","232","507","2023-10-25 13:12:58","24","2023-10-27 13:12:58"
"99","51","96","508","2023-10-25 13:12:58","156","2023-10-27 13:12:58"
"41","42","127","509","2023-10-25 13:12:58","4","2023-10-27 13:12:58"
"3","81","123","510","2023-10-25 13:12:58","0","2023-10-27 13:12:58"
"97","12","90","511","2023-10-25 13:12:58","12","2023-10-27 13:12:58"
"97","51","68","512","2023-10-25 13:12:58","12","2023-10-27 13:12:58"
"55","65","251","513","2023-10-25 13:12:58","1","2023-10-27 13:12:58"
"74","65","103","514","2023-10-25 13:12:58","2","2023-10-27 13:12:58"
"72","96","231","515","2023-10-25 13:12:58","72","2023-10-27 13:12:58"
"90","12","59","516","2023-10-25 13:12:58","1","2023-10-27 13:12:58"
"3","96","223","517","2023-10-25 13:12:58","60","2023-10-27 13:12:58"
"66","6","48","518","2023-10-25 13:12:58","0","2023-10-27 13:12:58"
"10","52","96","519","2023-10-25 13:12:58","23","2023-10-27 13:12:58"
"0","5","134","520","2023-10-25 13:12:58","1","2023-10-27 13:12:58"
"91","6","132","521","2023-10-25 13:12:58","2","2023-10-27 13:12:58"
"69","81","184","522","2023-10-25 13:12:58","0","2023-10-27 13:12:58"
"40","22","28","523","2023-10-25 13:12:58","2","2023-10-27 13:12:58"
"50","6","48","524","2023-10-25 13:12:58","2","2023-10-27 13:12:58"
"35","98","201","525","2023-10-25 13:12:58","0","2023-10-27 13:12:58"
"76","52","244","526","2023-10-25 13:12:58","6","2023-10-27 13:12:58"
"39","98","146","527","2023-10-25 13:12:58","0","2023-10-27 13:12:58"
"20","50","235","528","2023-10-25 13:12:58","2","2023-10-27 13:12:58"
"61","5","242","529","2023-10-25 13:12:58","0","2023-10-27 13:12:58"
"71","51","108","530","2023-10-25 13:12:58","5","2023-10-27 13:12:58"
"44","5","208","531","2023-10-25 13:12:58","0","2023-10-27 13:12:58"
"71","9","34","532","2023-10-25 13:12:58","1","2023-10-27 13:12:58"
"25","52","144","533","2023-10-25 13:12:58","5","2023-10-27 13:12:58"
"89","42","16","534","2023-10-25 13:12:58","132","2023-10-27 13:12:58"
"66","81","184","535","2023-10-25 13:12:58","0","2023-10-27 13:12:58"
"96","81","181","536","2023-10-25 13:12:58","17","2023-10-27 13:12:58"
"19","81","217","537","2023-10-25 13:12:58","20","2023-10-27 13:12:58"
"74","10","243","538","2023-10-25 13:12:58","2","2023-10-27 13:12:58"
"96","42","204","539","2023-10-25 13:12:58","0","2023-10-27 13:12:58"
"24","81","184","540","2023-10-25 13:12:58","0","2023-10-27 13:12:58"
"58","9","186","541","2023-10-25 13:12:58","5","2023-10-27 13:12:58"
"83","8","60","542","2023-10-25 13:12:58","30","2023-10-27 13:12:58"
"98","5","162","543","2023-10-25 13:12:58","0","2023-10-27 13:12:58"
"66","50","78","544","2023-10-25 13:12:58","0","2023-10-27 13:12:58"
"99","5","208","545","2023-10-25 13:12:58","0","2023-10-27 13:12:58"
"54","65","251","546","2023-10-25 13:12:58","18","2023-10-27 13:12:58"
"57","50","87","547","2023-10-25 13:12:58","3","2023-10-27 13:12:58"
"65","51","68","548","2023-10-25 13:12:58","0","2023-10-27 13:12:58"
"17","42","204","549","2023-10-25 13:12:58","0","2023-10-27 13:12:58"
"23","6","235","550","2023-10-25 13:12:58","0","2023-10-27 13:12:58"
"43","50","81","551","2023-10-25 13:12:58","0","2023-10-27 13:12:58"
"52","5","162","552","2023-10-25 13:12:58","1","2023-10-27 13:12:58"
"49","5","41","553","2023-10-25 13:12:58","4","2023-10-27 13:12:58"
"98","96","243","554","2023-10-25 13:12:58","5","2023-10-27 13:12:58"
"9","65","56","555","2023-10-25 13:12:58","0","2023-10-27 13:12:58"
"56","51","68","556","2023-10-25 13:12:58","2","2023-10-27 13:12:58"
"86","42","204","557","2023-10-25 13:12:58","1","2023-10-27 13:12:58"
"52","10","81","558","2023-10-25 13:12:58","0","2023-10-27 13:12:58"
"58","22","58","559","2023-10-25 13:12:58","0","2023-10-27 13:12:58"
"49","5","121","560","2023-10-25 13:12:58","45","2023-10-27 13:12:58"
"12","50","235","561","2023-10-25 13:12:58","0","2023-10-27 13:12:58"
"44","2","39","562","2023-10-25 13:12:58","0","2023-10-27 13:12:58"
"51","2","152","563","2023-10-25 13:12:58","1","2023-10-27 13:12:58"
"58","65","56","564","2023-10-25 13:12:58","8","2023-10-27 13:12:58"
"95","81","184","565","2023-10-25 13:12:58","1","2023-10-27 13:12:58"
"60","5","41","566","2023-10-25 13:12:58","0","2023-10-27 13:12:58"
"68","81","123","567","2023-10-25 13:12:58","1","2023-10-27 13:12:58"
"33","2","39","568","2023-10-25 13:12:58","0","2023-10-27 13:12:58"
"10","10","107","569","2023-10-25 13:12:58","45","2023-10-27 13:12:58"
"12","13","16","570","2023-10-25 13:12:58","8","2023-10-27 13:12:58"
"19","98","92","571","2023-10-25 13:12:58","16","2023-10-27 13:12:58"
"80","65","47","572","2023-10-25 13:12:58","9","2023-10-27 13:12:58"
"4","2","8","573","2023-10-25 13:12:58","6","2023-10-27 13:12:58"
"43","6","175","574","2023-10-25 13:12:58","0","2023-10-27 13:12:58"
"20","82","88","575","2023-10-25 13:12:58","2","2023-10-27 13:12:58"
"81","51","68","576","2023-10-25 13:12:58","0","2023-10-27 13:12:58"
"79","10","107","577","2023-10-25 13:12:58","1","2023-10-27 13:12:58"
"61","82","160","578","2023-10-25 13:12:58","2","2023-10-27 13:12:58"
"86","10","97","579","2023-10-25 13:12:58","0","2023-10-27 13:12:58"
"28","8","60","580","2023-10-25 13:12:58","4","2023-10-27 13:12:58"
"42","6","175","581","2023-10-25 13:12:58","0","2023-10-27 13:12:58"
"45","50","235","582","2023-10-25 13:12:58","2","2023-10-27 13:12:58"
"53","12","203","583","2023-10-25 13:12:58","2","2023-10-27 13:12:58"
"72","5","208","584","2023-10-25 13:12:58","1","2023-10-27 13:12:58"
"72","82","9","585","2023-10-25 13:12:58","0","2023-10-27 13:12:58"
"20","98","252","586","2023-10-25 13:12:58","2","2023-10-27 13:12:58"
"0","51","68","587","2023-10-25 13:12:58","1","2023-10-27 13:12:58"
"91","65","103","588","2023-10-25 13:12:58","1","2023-10-27 13:12:58"
"19","2","39","589","2023-10-25 13:12:58","0","2023-10-27 13:12:58"
"41","22","58","590","2023-10-25 13:12:58","0","2023-10-27 13:12:58"
"4","5","217","591","2023-10-25 13:12:58","0","2023-10-27 13:12:58"
"73","50","87","592","2023-10-25 13:12:58","0","2023-10-27 13:12:58"
"99","42","127","593","2023-10-25 13:12:58","3","2023-10-27 13:12:58"
"3","10","109","594","2023-10-25 13:12:58","13","2023-10-27 13:12:58"
"72","51","223","595","2023-10-25 13:12:58","1","2023-10-27 13:12:58"
"91","8","60","596","2023-10-25 13:12:58","1","2023-10-27 13:12:58"
"46","22","58","597","2023-10-25 13:12:58","0","2023-10-27 13:12:58"
"68","10","97","598","2023-10-25 13:12:58","0","2023-10-27 13:12:58"
"16","10","109","599","2023-10-25 13:12:58","9","2023-10-27 13:12:58"
"84","50","81","600","2023-10-25 13:12:58","0","2023-10-27 13:12:58"
"55","98","146","601","2023-10-25 13:12:58","3","2023-10-27 13:12:58"
"31","13","16","602","2023-10-25 13:12:58","97","2023-10-27 13:12:58"
"28","65","97","603","2023-10-25 13:12:58","0","2023-10-27 13:12:58"
"82","42","16","604","2023-10-25 13:12:58","101","2023-10-27 13:12:58"
"74","5","242","605","2023-10-25 13:12:58","1","2023-10-27 13:12:58"
"35","98","146","606","2023-10-25 13:12:58","1","2023-10-27 13:12:58"
"69","2","39","607","2023-10-25 13:12:58","1","2023-10-27 13:12:58"
"30","9","70","608","2023-10-25 13:12:58","10","2023-10-27 13:12:58"
"78","10","81","609","2023-10-25 13:12:58","3","2023-10-27 13:12:58"
"80","5","208","610","2023-10-25 13:12:58","0","2023-10-27 13:12:58"
"18","98","201","611","2023-10-25 13:12:58","1","2023-10-27 13:12:58"
"3","81","154","612","2023-10-25 13:12:58","6","2023-10-27 13:12:58"
"93","12","90","613","2023-10-25 13:12:58","13","2023-10-27 13:12:58"
"13","82","9","614","2023-10-25 13:12:58","3","2023-10-27 13:12:58"
"77","52","144","615","2023-10-25 13:12:58","2","2023-10-27 13:12:58"
"21","10","18","616","2023-10-25 13:12:58","121","2023-10-27 13:12:58"
"52","6","135","617","2023-10-25 13:12:58","4","2023-10-27 13:12:58"
"97","22","40","618","2023-10-25 13:12:58","14","2023-10-27 13:12:58"
"47","82","227","619","2023-10-25 13:12:58","0","2023-10-27 13:12:58"
"80","82","227","620","2023-10-25 13:12:58","1","2023-10-27 13:12:58"
"80","36","52","621","2023-10-25 13:12:58","0","2023-10-27 13:12:58"
"25","9","186","622","2023-10-25 13:12:58","1","2023-10-27 13:12:58"
"92","50","87","623","2023-10-25 13:12:58","1","2023-10-27 13:12:58"
"37","10","109","624","2023-10-25 13:12:58","2","2023-10-27 13:12:58"
"5","96","243","625","2023-10-25 13:12:58","6","2023-10-27 13:12:58"
"4","65","9","626","2023-10-25 13:12:58","1","2023-10-27 13:12:58"
"34","12","90","627","2023-10-25 13:12:58","11","2023-10-27 13:12:58"
"26","82","227","628","2023-10-25 13:12:58","0","2023-10-27 13:12:58"
"16","42","127","629","2023-10-25 13:12:58","1","2023-10-27 13:12:58"
"21","2","28","630","2023-10-25 13:12:58","3","2023-10-27 13:12:58"
"73","12","203","631","2023-10-25 13:12:58","1","2023-10-27 13:12:58"
"9","52","120","632","2023-10-25 13:12:58","181","2023-10-27 13:12:58"
"90","65","56","633","2023-10-25 13:12:58","0","2023-10-27 13:12:58"
"99","52","144","634","2023-10-25 13:12:58","2","2023-10-27 13:12:58"
"21","6","135","635","2023-10-25 13:12:58","1","2023-10-27 13:12:58"
"21","8","193","636","2023-10-25 13:12:58","0","2023-10-27 13:12:58"
"67","82","88","637","2023-10-25 13:12:58","6","2023-10-27 13:12:58"
"63","10","97","638","2023-10-25 13:12:58","2","2023-10-27 13:12:58"
"91","98","92","639","2023-10-25 13:12:58","1","2023-10-27 13:12:58"
"87","6","175","640","2023-10-25 13:12:58","1","2023-10-27 13:12:58"
"98","10","243","641","2023-10-25 13:12:58","28","2023-10-27 13:12:58"
"20","10","97","642","2023-10-25 13:12:58","1","2023-10-27 13:12:58"
"68","65","103","643","2023-10-25 13:12:58","0","2023-10-27 13:12:58"
"48","81","79","644","2023-10-25 13:12:58","17","2023-10-27 13:12:58"
"39","9","70","645","2023-10-25 13:12:58","96","2023-10-27 13:12:58"
"44","12","203","646","2023-10-25 13:12:58","1","2023-10-27 13:12:58"
"65","10","18","647","2023-10-25 13:12:58","52","2023-10-27 13:12:58"
"52","5","208","648","2023-10-25 13:12:58","0","2023-10-27 13:12:58"
"18","2","8","649","2023-10-25 13:12:58","4","2023-10-27 13:12:58"
"76","65","9","650","2023-10-25 13:12:58","0","2023-10-27 13:12:58"
"89","65","56","651","2023-10-25 13:12:58","0","2023-10-27 13:12:58"
"76","65","56","652","2023-10-25 13:12:58","0","2023-10-27 13:12:58"
"34","81","154","653","2023-10-25 13:12:58","2","2023-10-27 13:12:58"
"48","82","121","654","2023-10-25 13:12:58","0","2023-10-27 13:12:58"
"1","6","88","655","2023-10-25 13:12:58","92","2023-10-27 13:12:58"
"92","65","222","656","2023-10-25 13:12:58","81","2023-10-27 13:12:58"
"13","65","103","657","2023-10-25 13:12:58","1","2023-10-27 13:12:58"
"47","51","108","658","2023-10-25 13:12:58","22","2023-10-27 13:12:58"
"32","65","47","659","2023-10-25 13:12:58","7","2023-10-27 13:12:58"
"99","9","186","660","2023-10-25 13:12:58","1","2023-10-27 13:12:58"
"71","51","251","661","2023-10-25 13:12:58","52","2023-10-27 13:12:58"
"9","51","96","662","2023-10-25 13:12:58","21","2023-10-27 13:12:58"
"3","65","56","663","2023-10-25 13:12:58","0","2023-10-27 13:12:58"
"66","22","58","664","2023-10-25 13:12:58","2","2023-10-27 13:12:58"
"84","8","193","665","2023-10-25 13:12:58","1","2023-10-27 13:12:58"
"90","81","181","666","2023-10-25 13:12:58","6","2023-10-27 13:12:58"
"33","22","28","667","2023-10-25 13:12:58","2","2023-10-27 13:12:58"
"17","22","43","668","2023-10-25 13:12:58","10","2023-10-27 13:12:58"
"56","98","120","669","2023-10-25 13:12:58","13","2023-10-27 13:12:58"
"48","5","208","670","2023-10-25 13:12:58","1","2023-10-27 13:12:58"
"42","12","107","671","2023-10-25 13:12:58","16","2023-10-27 13:12:58"
"58","5","41","672","2023-10-25 13:12:58","1","2023-10-27 13:12:58"
"79","6","231","673","2023-10-25 13:12:58","4","2023-10-27 13:12:58"
"64","96","223","674","2023-10-25 13:12:58","17","2023-10-27 13:12:58"
"82","65","222","675","2023-10-25 13:12:58","60","2023-10-27 13:12:58"
"33","9","70","676","2023-10-25 13:12:58","29","2023-10-27 13:12:58"
"69","22","40","677","2023-10-25 13:12:58","20","2023-10-27 13:12:58"
"38","65","103","678","2023-10-25 13:12:58","0","2023-10-27 13:12:58"
"58","6","88","679","2023-10-25 13:12:58","8","2023-10-27 13:12:58"
"61","65","222","680","2023-10-25 13:12:58","9","2023-10-27 13:12:58"
"52","65","9","681","2023-10-25 13:12:58","0","2023-10-27 13:12:58"
"33","51","251","682","2023-10-25 13:12:58","1","2023-10-27 13:12:58"
"14","12","90","683","2023-10-25 13:12:58","0","2023-10-27 13:12:58"
"46","50","231","684","2023-10-25 13:12:58","0","2023-10-27 13:12:58"
"84","42","121","685","2023-10-25 13:12:58","0","2023-10-27 13:12:58"
"75","65","9","686","2023-10-25 13:12:58","0","2023-10-27 13:12:58"
"0","5","134","687","2023-10-25 13:12:58","3","2023-10-27 13:12:58"
"71","65","103","688","2023-10-25 13:12:58","1","2023-10-27 13:12:58"
"91","96","231","689","2023-10-25 13:12:58","30","2023-10-27 13:12:58"
"71","22","43","690","2023-10-25 13:12:58","21","2023-10-27 13:12:58"
"12","2","8","691","2023-10-25 13:12:58","0","2023-10-27 13:12:58"
"29","96","223","692","2023-10-25 13:12:58","4","2023-10-27 13:12:58"
"35","10","81","693","2023-10-25 13:12:58","0","2023-10-27 13:12:58"
"63","65","43","694","2023-10-25 13:12:58","8","2023-10-27 13:12:58"
"43","6","135","695","2023-10-25 13:12:58","0","2023-10-27 13:12:58"
"39","65","56","696","2023-10-25 13:12:58","1","2023-10-27 13:12:58"
"28","22","40","697","2023-10-25 13:12:58","48","2023-10-27 13:12:58"
"97","8","244","698","2023-10-25 13:12:58","7","2023-10-27 13:12:58"
"36","96","243","699","2023-10-25 13:12:58","1","2023-10-27 13:12:58"
"84","22","43","700","2023-10-25 13:12:58","9","2023-10-27 13:12:58"
"49","81","79","701","2023-10-25 13:12:58","1","2023-10-27 13:12:58"
"99","50","235","702","2023-10-25 13:12:58","3","2023-10-27 13:12:58"
"45","51","108","703","2023-10-25 13:12:58","1","2023-10-27 13:12:58"
"29","98","92","704","2023-10-25 13:12:58","1","2023-10-27 13:12:58"
"80","22","43","705","2023-10-25 13:12:58","6","2023-10-27 13:12:58"
"35","22","43","706","2023-10-25 13:12:58","1","2023-10-27 13:12:58"
"98","96","90","707","2023-10-25 13:12:58","443","2023-10-27 13:12:58"
"13","51","251","708","2023-10-25 13:12:58","2","2023-10-27 13:12:58"
"15","50","78","709","2023-10-25 13:12:58","19","2023-10-27 13:12:58"
"44","10","18","710","2023-10-25 13:12:58","23","2023-10-27 13:12:58"
"43","96","223","711","2023-10-25 13:12:58","1","2023-10-27 13:12:58"
"14","36","52","712","2023-10-25 13:12:58","6","2023-10-27 13:12:58"
"59","51","108","713","2023-10-25 13:12:58","1","2023-10-27 13:12:58"
"72","96","116","714","2023-10-25 13:12:58","1","2023-10-27 13:12:58"
"86","65","222","715","2023-10-25 13:12:58","2","2023-10-27 13:12:58"
"39","51","240","716","2023-10-25 13:12:58","1","2023-10-27 13:12:58"
"40","65","9","717","2023-10-25 13:12:58","0","2023-10-27 13:12:58"
"11","96","223","718","2023-10-25 13:12:58","1","2023-10-27 13:12:58"
"50","50","81","719","2023-10-25 13:12:58","1","2023-10-27 13:12:58"
"6","81","181","720","2023-10-25 13:12:58","0","2023-10-27 13:12:58"
"52","6","135","721","2023-10-25 13:12:58","1","2023-10-27 13:12:58"
"25","13","16","722","2023-10-25 13:12:58","11","2023-10-27 13:12:58"
"14","9","70","723","2023-10-25 13:12:58","46","2023-10-27 13:12:58"
"3","10","81","724","2023-10-25 13:12:58","0","2023-10-27 13:12:58"
"1","36","52","725","2023-10-25 13:12:58","0","2023-10-27 13:12:58"
"16","50","235","726","2023-10-25 13:12:58","1","2023-10-27 13:12:58"
"10","51","251","727","2023-10-25 13:12:58","1","2023-10-27 13:12:58"
"0","82","9","728","2023-10-25 13:12:58","2","2023-10-27 13:12:58"
"53","6","88","729","2023-10-25 13:12:58","68","2023-10-27 13:12:58"
"22","10","81","730","2023-10-25 13:12:58","0","2023-10-27 13:12:58"
"53","36","52","731","2023-10-25 13:12:58","3","2023-10-27 13:12:58"
"0","50","173","732","2023-10-25 13:12:58","6","2023-10-27 13:12:58"
"48","5","134","733","2023-10-25 13:12:58","1","2023-10-27 13:12:58"
"3","98","40","734","2023-10-25 13:12:58","2","2023-10-27 13:12:58"
"43","51","240","735","2023-10-25 13:12:58","2","2023-10-27 13:12:58"
"17","81","181","736","2023-10-25 13:12:58","0","2023-10-27 13:12:58"
"32","6","235","737","2023-10-25 13:12:58","1","2023-10-27 13:12:58"
"34","5","217","738","2023-10-25 13:12:58","0","2023-10-27 13:12:58"
"79","8","244","739","2023-10-25 13:12:58","6","2023-10-27 13:12:58"
"26","52","144","740","2023-10-25 13:12:58","1","2023-10-27 13:12:58"
"53","81","154","741","2023-10-25 13:12:58","4","2023-10-27 13:12:58"
"15","96","116","742","2023-10-25 13:12:58","0","2023-10-27 13:12:58"
"88","65","9","743","2023-10-25 13:12:58","0","2023-10-27 13:12:58"
"65","96","223","744","2023-10-25 13:12:58","1","2023-10-27 13:12:58"
"22","65","9","745","2023-10-25 13:12:58","1","2023-10-27 13:12:58"
"16","50","173","746","2023-10-25 13:12:58","4","2023-10-27 13:12:58"
"48","50","231","747","2023-10-25 13:12:58","1","2023-10-27 13:12:58"
"29","65","47","748","2023-10-25 13:12:58","0","2023-10-27 13:12:58"
"44","81","154","749","2023-10-25 13:12:58","1","2023-10-27 13:12:58"
"3","98","120","750","2023-10-25 13:12:58","185","2023-10-27 13:12:58"
"0","50","78","751","2023-10-25 13:12:58","57","2023-10-27 13:12:58"
"28","65","251","752","2023-10-25 13:12:58","0","2023-10-27 13:12:58"
"32","81","181","753","2023-10-25 13:12:58","3","2023-10-27 13:12:58"
"18","10","18","754","2023-10-25 13:12:58","28","2023-10-27 13:12:58"
"36","42","19","755","2023-10-25 13:12:58","15","2023-10-27 13:12:58"
"76","39","186","756","2023-10-25 13:12:58","267","2023-10-27 13:12:58"
"87","96","231","757","2023-10-25 13:12:58","1","2023-10-27 13:12:58"
"38","8","60","758","2023-10-25 13:12:58","0","2023-10-27 13:12:58"
"19","22","43","759","2023-10-25 13:12:58","0","2023-10-27 13:12:58"
"42","9","70","760","2023-10-25 13:12:58","14","2023-10-27 13:12:58"
"49","12","107","761","2023-10-25 13:12:58","3","2023-10-27 13:12:58"
"63","12","107","762","2023-10-25 13:12:58","1","2023-10-27 13:12:58"
"50","6","88","763","2023-10-25 13:12:58","21","2023-10-27 13:12:58"
"97","12","107","764","2023-10-25 13:12:58","2","2023-10-27 13:12:58"
"41","10","243","765","2023-10-25 13:12:58","1","2023-10-27 13:12:58"
"19","96","116","766","2023-10-25 13:12:58","1","2023-10-27 13:12:58"
"76","65","47","767","2023-10-25 13:12:58","0","2023-10-27 13:12:58"
"31","96","116","768","2023-10-25 13:12:58","2","2023-10-27 13:12:58"
"40","12","171","769","2023-10-25 13:12:58","0","2023-10-27 13:12:58"
"0","5","217","770","2023-10-25 13:12:58","0","2023-10-27 13:12:58"
"17","8","60","771","2023-10-25 13:12:58","3","2023-10-27 13:12:58"
"86","22","43","772","2023-10-25 13:12:58","0","2023-10-27 13:12:58"
"84","42","19","773","2023-10-25 13:12:58","0","2023-10-27 13:12:58"
"96","12","171","774","2023-10-25 13:12:58","1","2023-10-27 13:12:58"
"82","98","40","775","2023-10-25 13:12:58","1","2023-10-27 13:12:58"
"87","10","107","776","2023-10-25 13:12:58","31","2023-10-27 13:12:58"
"87","6","235","777","2023-10-25 13:12:58","2","2023-10-27 13:12:58"
"47","42","16","778","2023-10-25 13:12:58","22","2023-10-27 13:12:58"
"91","65","97","779","2023-10-25 13:12:58","1","2023-10-27 13:12:58"
"56","51","96","780","2023-10-25 13:12:58","40","2023-10-27 13:12:58"
"59","42","121","781","2023-10-25 13:12:58","0","2023-10-27 13:12:58"
"28","51","251","782","2023-10-25 13:12:58","0","2023-10-27 13:12:58"
"96","6","135","783","2023-10-25 13:12:58","1","2023-10-27 13:12:58"
"59","50","173","784","2023-10-25 13:12:58","4","2023-10-27 13:12:58"
"26","10","18","785","2023-10-25 13:12:58","1","2023-10-27 13:12:58"
"2","82","227","786","2023-10-25 13:12:58","0","2023-10-27 13:12:58"
"11","81","79","787","2023-10-25 13:12:58","1","2023-10-27 13:12:58"
"74","22","40","788","2023-10-25 13:12:58","26","2023-10-27 13:12:58"
"69","8","244","789","2023-10-25 13:12:58","0","2023-10-27 13:12:58"
"85","96","231","790","2023-10-25 13:12:58","4","2023-10-27 13:12:58"
"82","13","16","791","2023-10-25 13:12:58","19","2023-10-27 13:12:58"
"48","22","43","792","2023-10-25 13:12:58","0","2023-10-27 13:12:58"
"10","42","19","793","2023-10-25 13:12:58","3","2023-10-27 13:12:58"
"96","2","8","794","2023-10-25 13:12:58","0","2023-10-27 13:12:58"
"53","42","19","795","2023-10-25 13:12:58","1","2023-10-27 13:12:58"
"39","42","121","796","2023-10-25 13:12:58","0","2023-10-27 13:12:58"
"98","81","181","797","2023-10-25 13:12:58","0","2023-10-27 13:12:58"
"78","2","8","798","2023-10-25 13:12:58","1","2023-10-27 13:12:58"
"19","42","16","799","2023-10-25 13:12:58","8","2023-10-27 13:12:58"
"14","52","96","800","2023-10-25 13:12:58","14","2023-10-27 13:12:58"
"35","9","70","801","2023-10-25 13:12:58","3","2023-10-27 13:12:58"
"49","65","47","802","2023-10-25 13:12:58","1","2023-10-27 13:12:58"
"29","52","96","803","2023-10-25 13:12:58","2","2023-10-27 13:12:58"
"11","5","121","804","2023-10-25 13:12:58","19","2023-10-27 13:12:58"
"40","50","173","805","2023-10-25 13:12:58","1","2023-10-27 13:12:58"
"8","22","43","806","2023-10-25 13:12:58","1","2023-10-27 13:12:58"
"55","10","18","807","2023-10-25 13:12:58","6","2023-10-27 13:12:58"
"93","81","217","808","2023-10-25 13:12:58","0","2023-10-27 13:12:58"
"55","51","251","809","2023-10-25 13:12:58","2","2023-10-27 13:12:58"
"17","50","235","810","2023-10-25 13:12:58","0","2023-10-27 13:12:58"
"15","81","79","811","2023-10-25 13:12:58","1","2023-10-27 13:12:58"
"31","5","121","812","2023-10-25 13:12:58","40","2023-10-27 13:12:58"
"34","10","107","813","2023-10-25 13:12:58","12","2023-10-27 13:12:58"
"14","10","227","814","2023-10-25 13:12:58","1","2023-10-27 13:12:58"
"47","65","251","815","2023-10-25 13:12:58","2","2023-10-27 13:12:58"
"24","51","96","816","2023-10-25 13:12:58","17","2023-10-27 13:12:58"
"7","10","18","817","2023-10-25 13:12:58","8","2023-10-27 13:12:58"
"70","81","217","818","2023-10-25 13:12:58","1","2023-10-27 13:12:58"
"63","81","217","819","2023-10-25 13:12:58","5","2023-10-27 13:12:58"
"33","10","227","820","2023-10-25 13:12:58","0","2023-10-27 13:12:58"
"44","96","231","821","2023-10-25 13:12:58","1","2023-10-27 13:12:58"
"97","6","88","822","2023-10-25 13:12:58","8","2023-10-27 13:12:58"
"73","6","231","823","2023-10-25 13:12:58","0","2023-10-27 13:12:58"
"75","6","235","824","2023-10-25 13:12:58","3","2023-10-27 13:12:58"
"4","51","96","825","2023-10-25 13:12:58","3","2023-10-27 13:12:58"
"44","6","231","826","2023-10-25 13:12:58","1","2023-10-27 13:12:58"
"22","9","70","827","2023-10-25 13:12:58","1","2023-10-27 13:12:58"
"25","81","181","828","2023-10-25 13:12:58","2","2023-10-27 13:12:58"
"95","52","144","829","2023-10-25 13:12:58","2","2023-10-27 13:12:58"
"20","10","107","830","2023-10-25 13:12:58","5","2023-10-27 13:12:58"
"70","39","186","831","2023-10-25 13:12:58","6","2023-10-27 13:12:58"
"59","82","227","832","2023-10-25 13:12:58","0","2023-10-27 13:12:58"
"35","50","78","833","2023-10-25 13:12:58","0","2023-10-27 13:12:58"
"10","10","227","834","2023-10-25 13:12:58","1","2023-10-27 13:12:58"
"90","82","227","835","2023-10-25 13:12:58","0","2023-10-27 13:12:58"
"10","5","217","836","2023-10-25 13:12:58","1","2023-10-27 13:12:58"
"14","9","186","837","2023-10-25 13:12:58","2","2023-10-27 13:12:58"
"35","9","70","838","2023-10-25 13:12:58","1","2023-10-27 13:12:58"
"57","6","231","839","2023-10-25 13:12:58","1","2023-10-27 13:12:58"
"64","98","40","840","2023-10-25 13:12:58","0","2023-10-27 13:12:58"
"10","51","96","841","2023-10-25 13:12:58","2","2023-10-27 13:12:58"
"22","96","90","842","2023-10-25 13:12:58","1","2023-10-27 13:12:58"
"80","22","40","843","2023-10-25 13:12:58","10","2023-10-27 13:12:58"
"89","96","90","844","2023-10-25 13:12:58","0","2023-10-27 13:12:58"
"2","42","121","845","2023-10-25 13:12:58","1","2023-10-27 13:12:58"
"9","82","171","846","2023-10-25 13:12:58","5","2023-10-27 13:12:58"
"70","12","90","847","2023-10-25 13:12:58","0","2023-10-27 13:12:58"
"90","10","81","848","2023-10-25 13:12:58","0","2023-10-27 13:12:58"
"33","6","88","849","2023-10-25 13:12:58","6","2023-10-27 13:12:58"
"53","82","227","850","2023-10-25 13:12:58","0","2023-10-27 13:12:58"
"32","82","171","851","2023-10-25 13:12:58","2","2023-10-27 13:12:58"
"62","50","78","852","2023-10-25 13:12:58","3","2023-10-27 13:12:58"
"54","52","144","853","2023-10-25 13:12:58","0","2023-10-27 13:12:58"
"66","6","88","854","2023-10-25 13:12:58","1","2023-10-27 13:12:58"
"90","98","120","855","2023-10-25 13:12:58","3","2023-10-27 13:12:58"
"3","10","81","856","2023-10-25 13:12:58","0","2023-10-27 13:12:58"
"39","50","235","857","2023-10-25 13:12:58","0","2023-10-27 13:12:58"
"16","50","78","858","2023-10-25 13:12:58","0","2023-10-27 13:12:58"
"96","13","144","859","2023-10-25 13:12:58","4","2023-10-27 13:12:58"
"52","50","235","860","2023-10-25 13:12:58","2","2023-10-27 13:12:58"
"31","52","120","861","2023-10-25 13:12:58","18","2023-10-27 13:12:58"
"34","98","40","862","2023-10-25 13:12:58","1","2023-10-27 13:12:58"
"60","52","144","863","2023-10-25 13:12:58","0","2023-10-27 13:12:58"
"21","52","144","864","2023-10-25 13:12:58","2","2023-10-27 13:12:58"
"45","6","235","865","2023-10-25 13:12:58","1","2023-10-27 13:12:58"
"19","6","235","866","2023-10-25 13:12:58","1","2023-10-27 13:12:58"
"18","6","231","867","2023-10-25 13:12:58","1","2023-10-27 13:12:58"
"69","5","121","868","2023-10-25 13:12:58","2","2023-10-27 13:12:58"
"29","52","120","869","2023-10-25 13:12:58","26","2023-10-27 13:12:58"
"90","6","235","870","2023-10-25 13:12:58","0","2023-10-27 13:12:58"
"97","96","90","871","2023-10-25 13:12:58","0","2023-10-27 13:12:58"
"74","13","144","872","2023-10-25 13:12:58","0","2023-10-27 13:12:58"
"95","52","244","873","2023-10-25 13:12:58","1","2023-10-27 13:12:58"
"90","51","96","874","2023-10-25 13:12:58","0","2023-10-27 13:12:58"
"92","82","227","875","2023-10-25 13:12:58","0","2023-10-27 13:12:58"
"7","10","81","876","2023-10-25 13:12:58","0","2023-10-27 13:12:58"
"48","96","90","877","2023-10-25 13:12:58","1","2023-10-27 13:12:58"
"27","10","81","878","2023-10-25 13:12:58","1","2023-10-27 13:12:58"
"13","6","235","879","2023-10-25 13:12:58","0","2023-10-27 13:12:58"
"68","82","121","880","2023-10-25 13:12:58","0","2023-10-27 13:12:58"
"1","50","78","881","2023-10-25 13:12:58","7","2023-10-27 13:12:58"
"95","82","227","882","2023-10-25 13:12:58","1","2023-10-27 13:12:58"
"86","39","186","883","2023-10-25 13:12:58","13","2023-10-27 13:12:58"
"44","50","78","884","2023-10-25 13:12:58","6","2023-10-27 13:12:58"
"33","52","120","885","2023-10-25 13:12:58","1","2023-10-27 13:12:58"
"97","6","235","886","2023-10-25 13:12:58","0","2023-10-27 13:12:58"
"94","8","244","887","2023-10-25 13:12:58","0","2023-10-27 13:12:58"
"97","5","121","888","2023-10-25 13:12:58","8","2023-10-27 13:12:58"
"8","52","120","889","2023-10-25 13:12:58","7","2023-10-27 13:12:58"
"31","13","16","890","2023-10-25 13:12:58","22","2023-10-27 13:12:58"
"99","50","78","891","2023-10-25 13:12:58","0","2023-10-27 13:12:58"
"76","50","78","892","2023-10-25 13:12:58","2","2023-10-27 13:12:58"
"37","82","121","893","2023-10-25 13:12:58","0","2023-10-27 13:12:58"
"44","98","120","894","2023-10-25 13:12:58","1","2023-10-27 13:12:58"
"46","39","186","895","2023-10-25 13:12:58","4","2023-10-27 13:12:58"
"82","10","107","896","2023-10-25 13:12:58","1","2023-10-27 13:12:58"
"2","13","144","897","2023-10-25 13:12:58","0","2023-10-27 13:12:58"
"77","13","16","898","2023-10-25 13:12:58","2","2023-10-27 13:12:58"
"60","10","107","899","2023-10-25 13:12:58","1","2023-10-27 13:12:58"
"17","13","144","900","2023-10-25 13:12:58","1","2023-10-27 13:12:58"
"89","12","90","901","2023-10-25 13:12:58","1","2023-10-27 13:12:58"
"81","42","16","902","2023-10-25 13:12:58","6","2023-10-27 13:12:58"
"74","13","16","903","2023-10-25 13:12:58","2","2023-10-27 13:12:58"
"86","8","244","904","2023-10-25 13:12:58","3","2023-10-27 13:12:58"
"55","8","244","905","2023-10-25 13:12:58","2","2023-10-27 13:12:58"
"65","6","235","906","2023-10-25 13:12:58","0","2023-10-27 13:12:58"
"76","52","120","907","2023-10-25 13:12:58","4","2023-10-27 13:12:58"
"99","52","96","908","2023-10-25 13:12:58","1","2023-10-27 13:12:58"
"33","42","16","909","2023-10-25 13:12:58","2","2023-10-27 13:12:58"
"58","82","121","910","2023-10-25 13:12:58","0","2023-10-27 13:12:58"
"32","51","96","911","2023-10-25 13:12:58","0","2023-10-27 13:12:58"
"2","8","244","912","2023-10-25 13:12:58","0","2023-10-27 13:12:58"
"32","82","121","913","2023-10-25 13:12:58","0","2023-10-27 13:12:58"
"23","6","235","914","2023-10-25 13:12:58","1","2023-10-27 13:12:58"
"78","52","96","915","2023-10-25 13:12:58","1","2023-10-27 13:12:58"
"1","42","16","916","2023-10-25 13:12:58","0","2023-10-27 13:12:58"
"2","12","90","917","2023-10-25 13:12:58","0","2023-10-27 13:12:58"
"39","51","96","918","2023-10-25 13:12:58","1","2023-10-27 13:12:58"
"50","51","96","919","2023-10-25 13:12:58","1","2023-10-27 13:12:58"
"94","8","244","920","2023-10-25 13:12:58","2","2023-10-27 13:12:58"
"11","12","90","921","2023-10-25 13:12:58","1","2023-10-27 13:12:58"
"14","42","16","922","2023-10-25 13:12:58","0","2023-10-27 13:12:58"
"98","6","88","923","2023-10-25 13:12:58","0","2023-10-27 13:12:58"
"76","96","90","924","2023-10-25 13:12:58","1","2023-10-27 13:12:58"
"45","51","96","925","2023-10-25 13:12:58","0","2023-10-27 13:12:58"
"49","6","88","926","2023-10-25 13:12:58","2","2023-10-27 13:12:58"
"23","6","88","927","2023-10-25 13:12:58","1","2023-10-27 13:12:58"
"84","8","244","928","2023-10-25 13:12:58","1","2023-10-27 13:12:58"
"75","10","107","929","2023-10-25 13:12:58","0","2023-10-27 13:12:58"
"6","51","96","930","2023-10-25 13:12:58","0","2023-10-27 13:12:58"
"82","10","107","931","2023-10-25 13:12:58","0","2023-10-27 13:12:58"
"53","42","16","932","2023-10-25 13:12:58","2","2023-10-27 13:12:58"
"81","10","107","933","2023-10-25 13:12:58","0","2023-10-27 13:12:58"
"43","10","107","934","2023-10-25 13:12:58","1","2023-10-27 13:12:58"
"84","51","96","935","2023-10-25 13:12:58","1","2023-10-27 13:12:58"
"62","42","16","936","2023-10-25 13:12:58","1","2023-10-27 13:12:58"
"34","82","121","937","2023-10-25 13:12:58","1","2023-10-27 13:12:58"
"96","13","16","938","2023-10-25 13:12:58","0","2023-10-27 13:12:58"
"65","13","16","939","2023-10-25 13:12:58","1","2023-10-27 13:12:58"
