0,82,74,0,2022-03-19 12:37:31,2,5.99,2022-10-06 15:10:59
38,50,87,1,2022-12-28 08:17:52,12,26.99,2023-08-11 21:48:44
36,8,193,2,2020-02-15 18:51:14,4,8.99,2022-10-03 09:19:15
36,51,107,2,2020-02-15 18:51:14,18,28.99,2023-02-15 05:34:51
36,52,232,2,2020-02-15 18:51:14,10,15.99,2020-07-18 05:01:05
87,81,85,3,2021-09-29 11:56:33,16,7.99,2022-03-04 22:21:20
78,13,16,4,2020-09-03 21:37:08,18,11.99,2022-09-14 21:49:56
78,31,238,4,2020-09-03 21:37:08,9,24.99,2020-12-09 15:34:12
78,65,251,4,2020-09-03 21:37:08,3,25.99,2023-09-26 22:09:15
78,22,58,4,2020-09-03 21:37:08,1,7.99,2023-04-12 10:47:44
78,52,96,4,2020-09-03 21:37:08,11,23.99,2021-09-17 19:16:31
8,81,85,5,2020-07-24 05:38:52,19,12.99,2021-07-03 15:22:05
8,9,34,5,2020-07-24 05:38:52,5,30.99,2022-11-14 17:46:50
40,36,52,6,2023-04-04 17:27:09,16,19.99,
40,10,109,6,2023-04-04 17:27:09,18,13.99,2023-08-11 22:54:43
77,51,6,7,2023-08-04 19:05:14,19,24.99,
77,52,120,7,2023-08-04 19:05:14,11,5.99,
23,6,248,8,2019-03-21 01:15:17,20,9.99,2021-06-06 00:27:04
86,42,222,9,2020-01-17 04:53:30,5,20.99,2020-03-17 05:33:13
86,5,162,9,2020-01-17 04:53:30,18,22.99,2022-12-13 23:33:30
86,14,50,9,2020-01-17 04:53:30,17,12.99,2021-03-20 09:16:35
86,50,78,9,2020-01-17 04:53:30,7,10.99,2023-11-07 14:21:46
53,65,234,10,2023-11-13 15:50:47,5,21.99,
53,65,56,10,2023-11-13 15:50:47,12,30.99,
53,52,29,10,2023-11-13 15:50:47,11,18.99,
90,81,85,11,2020-10-23 13:22:57,3,5.99,2021-07-15 09:24:13
7,12,59,12,2019-10-17 04:29:36,5,12.99,2023-06-06 21:13:54
73,81,249,13,2023-06-25 07:20:26,20,22.99,
73,6,175,13,2023-06-25 07:20:26,20,16.99,2023-12-03 11:49:20
14,14,50,14,2019-03-31 16:14:25,3,27.99,2019-06-06 21:34:32
14,6,216,14,2019-03-31 16:14:25,6,22.99,2020-04-19 14:32:00
7,42,19,15,2019-02-17 09:26:43,18,26.99,2022-10-01 17:53:08
33,52,166,16,2019-07-14 02:33:08,8,12.99,2020-02-22 17:09:00
55,65,56,17,2020-06-20 20:07:50,2,14.99,2022-08-12 05:03:37
12,39,77,18,2022-04-07 06:19:16,7,19.99,2022-10-26 07:33:23
12,13,16,18,2022-04-07 06:19:16,16,10.99,2023-06-23 19:34:35
12,6,42,18,2022-04-07 06:19:16,7,29.99,2023-11-24 06:43:51
12,5,217,18,2022-04-07 06:19:16,6,24.99,2022-08-11 01:21:49
15,12,172,19,2022-09-12 19:58:40,6,28.99,2022-09-23 02:06:49
15,65,222,19,2022-09-12 19:58:40,19,3.99,2023-10-12 20:58:16
15,12,171,19,2022-09-12 19:58:40,13,5.99,2023-03-26 17:42:06
1,6,231,20,2022-10-31 10:11:37,3,23.99,2023-07-19 08:07:55
35,81,79,21,2020-01-31 12:52:26,8,6.99,2023-04-29 12:30:22
36,42,19,22,2021-12-28 14:38:08,19,24.99,2023-11-21 09:40:05
36,82,9,22,2021-12-28 14:38:08,5,4.99,2023-07-07 10:44:49
53,82,171,23,2019-08-16 09:48:17,1,0.99,2021-04-04 21:26:36
30,81,249,24,2020-10-31 18:01:56,15,5.99,2022-06-11 23:03:19
30,81,253,24,2020-10-31 18:01:56,19,22.99,2022-08-06 12:13:21
89,2,83,25,2023-10-06 16:27:28,14,28.99,
20,5,242,26,2022-09-25 10:01:07,17,28.99,2023-10-08 21:18:27
20,51,157,26,2022-09-25 10:01:07,1,21.99,2022-10-25 15:21:25
59,42,96,27,2019-05-12 12:15:36,2,20.99,2020-12-16 14:39:09
59,65,251,27,2019-05-12 12:15:36,3,28.99,2020-06-21 00:40:00
86,2,152,28,2022-06-27 16:35:49,11,16.99,2022-06-30 07:50:36
96,8,193,29,2018-12-15 22:26:45,17,1.99,2019-10-15 17:46:30
83,6,216,30,2020-08-16 09:06:25,10,7.99,2021-10-25 07:37:12
83,81,181,30,2020-08-16 09:06:25,4,27.99,2022-08-25 04:57:51
83,2,39,30,2020-08-16 09:06:25,5,9.99,2022-07-21 01:21:27
32,98,252,31,2020-01-27 03:12:38,17,17.99,2023-07-19 17:21:52
32,65,47,31,2020-01-27 03:12:38,4,19.99,2023-10-12 12:39:01
2,96,231,32,2019-04-19 00:35:29,2,24.99,2021-01-17 05:21:36
40,81,154,33,2022-01-21 12:14:14,19,26.99,2023-11-12 06:54:19
40,2,164,33,2022-01-21 12:14:14,20,0.99,2023-06-14 13:04:04
40,52,96,33,2022-01-21 12:14:14,15,18.99,2023-06-02 17:20:02
68,31,45,34,2020-06-14 12:47:38,1,11.99,2022-01-18 23:23:27
17,51,240,35,2020-03-21 19:45:26,9,12.99,2021-08-21 18:07:22
17,12,172,35,2020-03-21 19:45:26,3,27.99,2021-08-29 06:51:13
17,98,92,35,2020-03-21 19:45:26,2,9.99,2021-05-14 15:59:57
74,6,48,36,2021-05-26 03:38:19,12,7.99,2023-01-29 10:33:01
14,65,251,37,2023-01-01 21:44:18,8,21.99,
14,50,78,37,2023-01-01 21:44:18,10,2.99,2023-06-07 11:32:49
12,12,90,38,2023-09-16 01:10:04,16,15.99,
14,12,172,39,2023-03-04 00:25:45,14,7.99,
14,81,79,39,2023-03-04 00:25:45,5,8.99,2023-05-07 16:50:42
14,13,112,39,2023-03-04 00:25:45,3,9.99,2023-03-29 14:03:10
14,8,60,39,2023-03-04 00:25:45,2,24.99,
14,10,109,39,2023-03-04 00:25:45,15,3.99,2023-09-09 18:41:11
14,81,184,39,2023-03-04 00:25:45,14,23.99,
21,50,81,40,2022-08-09 08:49:24,7,16.99,2023-05-14 20:07:39
89,42,127,41,2019-03-04 10:04:17,17,12.99,2023-01-05 12:41:13
89,82,160,41,2019-03-04 10:04:17,4,24.99,2023-05-26 19:35:59
89,65,56,41,2019-03-04 10:04:17,2,1.99,2021-01-03 04:19:19
25,52,166,42,2022-11-01 20:02:04,7,15.99,2023-08-09 17:31:54
25,51,6,42,2022-11-01 20:02:04,4,25.99,2023-11-15 19:10:33
81,6,135,43,2022-07-15 13:37:53,17,9.99,2023-08-04 08:40:01
81,65,234,43,2022-07-15 13:37:53,2,13.99,2023-08-06 17:14:34
81,52,96,43,2022-07-15 13:37:53,7,24.99,2023-09-10 04:19:33
81,2,152,43,2022-07-15 13:37:53,11,25.99,2023-03-19 18:25:02
18,12,203,44,2021-02-13 17:09:25,20,6.99,2021-10-13 21:43:48
91,13,112,45,2022-12-09 04:33:34,3,12.99,2023-10-15 20:35:41
5,5,162,46,2019-07-02 18:25:02,8,26.99,2020-08-11 04:45:58
97,2,164,47,2022-10-02 07:52:50,11,11.99,2023-02-04 03:21:37
97,96,231,47,2022-10-02 07:52:50,15,14.99,2023-07-17 17:49:18
67,42,153,48,2023-03-18 14:26:42,2,16.99,
67,50,78,48,2023-03-18 14:26:42,3,24.99,2023-08-31 04:28:13
76,52,244,49,2022-06-28 19:06:37,16,2.99,2023-04-26 14:33:33
2,52,232,50,2018-12-09 08:36:03,6,0.99,2021-07-06 00:18:51
42,42,153,51,2019-06-30 11:41:53,16,15.99,2021-09-21 12:23:43
42,12,90,51,2019-06-30 11:41:53,13,13.99,2022-10-04 12:54:35
16,81,217,52,2020-12-20 00:11:00,10,7.99,2022-05-22 21:31:29
16,42,19,52,2020-12-20 00:11:00,14,29.99,2021-07-26 21:29:52
16,42,204,52,2020-12-20 00:11:00,20,12.99,2021-04-25 19:11:02
16,81,154,52,2020-12-20 00:11:00,12,30.99,2022-09-19 16:36:03
16,2,83,52,2020-12-20 00:11:00,13,0.99,2022-12-02 20:33:24
99,2,63,53,2020-03-22 21:27:04,1,7.99,2020-05-12 07:51:04
99,52,120,53,2020-03-22 21:27:04,11,27.99,2020-09-02 11:03:07
44,81,253,54,2020-08-05 08:56:24,13,13.99,2023-12-05 08:50:29
44,98,146,54,2020-08-05 08:56:24,4,27.99,2020-11-06 19:53:53
44,98,201,54,2020-08-05 08:56:24,20,22.99,2023-04-14 15:15:49
44,12,172,54,2020-08-05 08:56:24,20,2.99,2021-11-08 19:01:31
44,98,252,54,2020-08-05 08:56:24,13,8.99,2021-11-04 18:43:46
44,82,160,54,2020-08-05 08:56:24,4,12.99,2022-10-20 14:56:05
44,2,83,54,2020-08-05 08:56:24,13,0.99,2022-06-27 00:04:08
44,52,144,54,2020-08-05 08:56:24,15,29.99,2022-02-10 06:13:46
5,52,29,55,2019-04-11 19:49:42,16,2.99,2021-06-13 06:48:47
5,2,28,55,2019-04-11 19:49:42,19,5.99,2021-02-10 20:25:06
80,9,70,56,2023-03-18 13:16:16,17,29.99,2023-08-28 16:59:25
72,42,127,57,2022-07-11 21:28:05,3,0.99,2022-10-01 06:25:19
53,22,237,58,2020-04-06 18:33:38,1,10.99,2023-08-19 01:57:37
53,36,52,59,2019-03-12 05:37:28,16,10.99,2021-12-14 10:01:59
45,81,85,60,2019-07-15 02:47:54,1,10.99,2022-08-04 06:40:01
44,81,249,61,2020-06-13 08:24:36,1,4.99,2021-06-06 09:49:54
18,13,250,62,2020-09-14 18:37:12,1,21.99,2021-07-29 21:46:27
18,65,212,62,2020-09-14 18:37:12,4,22.99,2023-11-20 17:13:01
88,2,8,63,2019-02-23 04:41:28,20,9.99,2021-02-15 16:13:21
14,6,135,64,2022-12-28 15:31:38,12,6.99,2023-09-29 09:43:23
26,10,81,65,2022-01-07 01:12:56,11,21.99,2023-01-09 17:28:45
70,10,109,66,2021-09-19 12:21:29,6,10.99,2022-01-23 01:08:11
39,5,208,67,2020-04-07 12:54:38,13,14.99,2020-11-21 18:44:26
39,6,88,67,2020-04-07 12:54:38,11,4.99,2022-06-06 04:55:04
23,10,243,68,2021-05-30 21:37:26,12,10.99,2023-03-14 00:21:25
16,65,212,69,2019-02-10 10:56:39,13,5.99,2019-10-10 13:09:50
53,81,253,70,2021-06-25 18:32:26,18,20.99,2023-04-04 04:04:53
53,82,160,70,2021-06-25 18:32:26,19,4.99,2023-04-12 14:52:40
53,12,90,70,2021-06-25 18:32:26,3,20.99,2022-07-16 02:49:54
53,31,238,70,2021-06-25 18:32:26,17,4.99,2021-09-23 15:36:36
53,13,112,71,2021-08-30 21:36:59,15,18.99,2022-07-13 18:55:30
60,52,144,72,2019-09-17 12:19:01,6,28.99,2023-02-05 20:37:26
71,5,208,73,2020-03-30 16:41:26,15,12.99,2021-12-10 04:10:16
71,6,248,73,2020-03-30 16:41:26,14,2.99,2020-12-27 03:21:56
71,96,243,73,2020-03-30 16:41:26,11,29.99,2022-06-21 16:32:32
80,6,135,74,2019-09-03 08:30:57,16,20.99,2021-05-28 01:00:27
89,10,109,75,2022-10-03 21:06:35,20,4.99,2023-09-27 17:36:58
14,2,8,76,2021-07-01 06:41:36,18,3.99,2022-02-28 23:02:18
14,22,40,76,2021-07-01 06:41:36,16,0.99,2021-11-22 01:19:15
29,81,154,77,2023-07-24 22:54:26,13,6.99,2023-09-17 08:12:49
85,2,39,78,2019-04-13 14:03:58,1,17.99,2021-06-18 17:44:45
85,51,108,78,2019-04-13 14:03:58,13,21.99,2023-01-23 20:41:34
85,5,208,78,2019-04-13 14:03:58,12,7.99,2021-09-10 01:38:26
85,96,116,78,2019-04-13 14:03:58,7,23.99,2020-01-03 11:27:20
33,2,83,79,2021-07-15 02:08:02,18,9.99,2022-12-25 02:10:00
31,6,175,80,2020-04-29 18:10:48,3,14.99,2022-02-03 04:10:41
17,10,109,81,2023-10-26 21:50:19,17,10.99,
81,5,208,82,2023-07-24 10:24:18,13,12.99,
17,13,144,83,2020-04-09 14:38:21,4,1.99,2023-03-28 09:52:23
75,6,175,84,2022-12-01 11:00:02,5,16.99,2023-07-06 18:58:23
80,65,103,85,2022-12-16 03:09:10,14,14.99,2023-03-10 19:09:10
64,42,19,86,2021-08-23 08:21:39,16,3.99,2021-11-24 21:36:13
95,31,238,87,2023-02-25 03:32:11,2,15.99,
1,42,16,88,2023-06-02 09:47:50,3,28.99,2023-10-13 18:57:46
1,81,181,88,2023-06-02 09:47:50,13,10.99,
1,42,127,88,2023-06-02 09:47:50,9,9.99,2023-11-18 22:57:29
1,10,109,88,2023-06-02 09:47:50,8,2.99,2023-06-29 17:24:45
55,10,97,89,2022-11-09 13:28:03,11,14.99,2023-09-03 22:10:21
82,6,42,90,2022-08-21 22:45:27,5,28.99,2023-08-04 08:52:57
40,81,123,91,2020-01-14 02:13:17,7,18.99,2023-11-28 08:06:36
49,6,248,92,2022-07-28 03:43:12,16,27.99,2023-05-26 17:12:18
25,81,179,93,2022-09-03 09:09:01,7,25.99,2023-12-02 22:52:00
49,81,123,94,2019-03-22 00:08:01,8,13.99,2019-12-10 00:37:17
95,6,248,95,2020-05-30 06:20:44,8,18.99,2023-01-04 01:52:11
95,96,90,95,2020-05-30 06:20:44,17,28.99,2023-08-10 16:00:08
95,65,97,95,2020-05-30 06:20:44,12,23.99,2022-02-28 09:39:16
89,39,225,96,2023-04-30 03:40:13,18,14.99,2023-10-14 09:11:42
60,42,204,97,2020-10-07 21:30:08,11,12.99,2021-11-24 21:55:49
20,2,164,98,2021-11-29 09:47:55,1,23.99,2022-07-12 12:14:34
8,65,47,99,2022-07-29 13:36:00,8,14.99,2023-11-14 07:25:59
8,9,186,99,2022-07-29 13:36:00,15,11.99,2022-12-26 08:33:06
8,12,172,99,2022-07-29 13:36:00,20,4.99,2022-10-04 01:40:56
58,12,196,100,2021-09-13 19:06:27,9,1.99,2021-10-28 13:56:05
47,50,78,101,2019-08-14 12:31:52,7,21.99,2022-07-23 17:18:43
47,6,216,101,2019-08-14 12:31:52,9,25.99,2022-03-07 16:40:45
49,12,171,102,2021-02-06 17:55:35,16,2.99,2022-07-26 00:57:10
39,81,85,103,2023-08-19 12:48:05,1,1.99,
52,81,179,104,2023-02-19 02:47:35,15,11.99,
97,5,162,105,2020-03-30 10:29:25,14,25.99,2021-02-25 01:05:57
97,31,238,105,2020-03-30 10:29:25,14,17.99,2022-08-15 19:56:20
97,98,92,105,2020-03-30 10:29:25,13,17.99,2020-05-30 13:37:38
28,6,248,106,2020-01-10 13:23:54,9,8.99,2021-07-10 12:46:12
28,12,196,106,2020-01-10 13:23:54,4,3.99,2022-05-24 21:52:44
28,65,97,106,2020-01-10 13:23:54,7,10.99,2023-01-19 03:55:58
28,10,109,106,2020-01-10 13:23:54,17,10.99,2022-08-06 21:07:34
33,39,77,107,2021-04-03 09:10:21,8,29.99,2021-04-29 02:30:55
33,6,175,107,2021-04-03 09:10:21,4,30.99,2021-12-27 11:16:43
27,82,160,108,2021-05-10 16:45:34,1,0.99,2023-08-20 14:32:43
6,50,87,109,2019-12-22 00:15:51,13,10.99,2022-09-19 06:57:01
94,10,18,110,2023-09-27 23:16:23,12,14.99,2023-10-20 06:11:34
36,81,123,111,2020-10-26 23:12:49,8,12.99,2021-02-04 14:39:17
41,50,78,112,2020-12-03 09:22:06,12,8.99,2023-08-06 17:59:01
21,42,19,113,2020-02-08 03:35:04,1,20.99,2022-06-16 09:29:45
74,42,153,114,2019-02-25 04:08:36,5,23.99,2022-07-08 04:47:23
74,96,231,114,2019-02-25 04:08:36,17,17.99,2019-10-20 17:07:53
74,6,132,114,2019-02-25 04:08:36,16,21.99,2020-12-19 08:43:15
74,9,34,114,2019-02-25 04:08:36,8,5.99,2022-06-04 02:29:30
74,13,16,114,2019-02-25 04:08:36,5,6.99,2023-05-23 20:27:30
74,5,208,114,2019-02-25 04:08:36,1,3.99,2023-08-18 18:01:24
58,98,120,115,2021-07-24 16:56:17,1,23.99,2022-07-01 13:52:34
58,51,157,115,2021-07-24 16:56:17,16,19.99,2023-08-10 18:45:07
10,51,6,116,2021-02-20 18:53:48,5,1.99,2023-09-17 13:03:25
10,22,58,116,2021-02-20 18:53:48,6,16.99,2022-05-19 23:18:36
10,14,183,116,2021-02-20 18:53:48,7,24.99,2021-04-21 06:22:18
10,12,196,116,2021-02-20 18:53:48,8,30.99,2022-08-07 21:01:44
10,31,238,116,2021-02-20 18:53:48,8,22.99,2022-03-31 20:22:23
10,13,206,116,2021-02-20 18:53:48,10,2.99,2021-03-19 03:49:38
7,13,16,117,2020-03-22 10:09:04,12,21.99,2020-04-25 13:53:37
7,42,204,117,2020-03-22 10:09:04,1,13.99,2021-04-01 12:41:39
83,2,164,118,2021-09-18 12:46:34,3,6.99,2021-12-24 11:25:54
83,13,206,118,2021-09-18 12:46:34,14,1.99,2022-04-17 13:39:30
18,8,193,119,2021-12-24 23:41:17,10,22.99,2022-05-11 10:00:19
95,65,47,120,2022-05-31 04:21:57,13,2.99,2022-06-07 15:56:32
95,65,43,120,2022-05-31 04:21:57,18,30.99,2023-07-17 21:11:57
95,82,74,120,2022-05-31 04:21:57,15,8.99,2022-07-02 18:09:58
95,51,68,120,2022-05-31 04:21:57,14,12.99,2023-03-30 08:03:50
17,6,42,121,2023-04-23 08:23:38,5,17.99,
2,6,235,122,2020-05-16 04:34:28,9,26.99,2021-02-01 15:48:12
76,81,79,123,2019-10-26 15:59:18,20,7.99,2022-06-29 01:20:58
76,39,225,123,2019-10-26 15:59:18,20,30.99,2022-05-18 19:03:12
94,2,164,124,2022-02-20 09:50:35,1,6.99,2023-06-21 10:55:57
45,2,83,125,2021-06-05 02:31:27,5,19.99,2023-05-17 18:21:25
20,9,34,126,2022-05-19 00:07:10,11,24.99,2022-12-14 14:17:49
20,51,96,126,2022-05-19 00:07:10,1,24.99,2023-01-15 09:11:02
20,50,10,126,2022-05-19 00:07:10,18,17.99,2023-05-18 05:22:32
20,2,83,126,2022-05-19 00:07:10,19,15.99,2023-07-21 19:55:27
20,10,81,126,2022-05-19 00:07:10,2,28.99,2023-05-08 03:02:30
20,22,58,126,2022-05-19 00:07:10,2,26.99,2023-06-08 06:19:24
94,2,63,127,2019-03-25 02:16:26,2,15.99,2021-09-10 09:39:26
94,81,184,127,2019-03-25 02:16:26,17,3.99,2023-08-15 01:29:08
32,13,206,128,2020-09-17 20:33:58,1,0.99,2023-02-14 04:00:03
32,12,172,128,2020-09-17 20:33:58,8,3.99,2023-03-17 09:40:02
32,81,249,128,2020-09-17 20:33:58,12,2.99,2021-05-28 08:54:25
95,6,48,129,2019-01-05 20:36:40,19,2.99,2019-06-14 02:27:11
44,51,108,130,2022-01-10 00:17:31,10,4.99,2023-05-11 00:25:44
51,12,90,131,2022-08-08 16:45:43,6,8.99,2022-08-09 11:38:30
56,96,231,132,2020-01-03 14:32:56,11,25.99,2020-01-18 01:56:21
85,82,74,133,2021-02-15 22:37:09,20,7.99,2021-12-04 10:53:21
54,5,41,134,2021-04-22 12:34:08,6,19.99,2023-07-24 02:51:51
81,50,235,135,2020-04-10 15:22:52,19,9.99,2020-09-28 14:28:45
81,50,78,135,2020-04-10 15:22:52,18,20.99,2022-11-06 13:07:07
81,10,227,135,2020-04-10 15:22:52,3,3.99,2021-06-27 07:33:56
91,2,152,136,2021-04-27 21:49:59,9,7.99,2023-08-11 11:05:49
43,51,6,137,2020-07-20 21:12:21,14,30.99,2023-12-02 10:58:48
43,96,231,137,2020-07-20 21:12:21,17,9.99,2021-03-19 04:26:25
43,81,154,137,2020-07-20 21:12:21,3,29.99,2022-03-09 15:09:11
4,13,144,138,2023-09-18 10:29:01,14,18.99,2023-11-19 06:01:16
4,9,34,138,2023-09-18 10:29:01,12,12.99,2023-11-08 19:21:50
4,6,42,138,2023-09-18 10:29:01,12,13.99,2023-11-18 09:23:56
4,2,39,138,2023-09-18 10:29:01,1,19.99,2023-11-12 22:18:43
97,10,109,139,2022-07-05 10:46:40,3,12.99,2023-09-23 14:53:32
91,65,222,140,2022-10-05 15:17:27,17,7.99,2022-12-22 15:17:08
8,8,244,141,2022-07-26 11:13:07,13,12.99,2023-02-22 14:55:16
96,10,18,142,2021-12-19 04:06:04,20,5.99,2022-08-30 18:01:41
63,5,208,143,2019-01-11 16:35:52,9,17.99,2020-10-02 17:32:45
99,22,237,144,2022-04-01 00:07:26,2,30.99,2023-06-27 14:14:17
72,42,204,145,2020-01-06 14:33:07,19,16.99,2023-01-14 07:26:53
3,10,109,146,2022-04-28 10:35:49,16,10.99,2023-06-07 15:39:16
72,6,231,147,2021-11-22 01:11:53,12,21.99,2021-11-25 12:57:27
14,5,162,148,2023-07-15 06:20:53,16,4.99,
16,2,83,149,2021-04-11 06:17:58,14,19.99,2021-11-18 01:21:45
39,52,166,150,2023-04-15 18:15:44,1,21.99,
39,6,231,150,2023-04-15 18:15:44,2,10.99,
39,51,108,150,2023-04-15 18:15:44,13,25.99,
39,52,232,150,2023-04-15 18:15:44,3,2.99,
33,82,227,151,2021-09-22 11:29:41,9,13.99,2022-10-30 04:51:59
33,51,6,151,2021-09-22 11:29:41,5,10.99,2023-08-20 16:54:08
80,51,223,152,2023-12-01 16:54:00,6,9.99,
80,12,59,152,2023-12-01 16:54:00,3,16.99,2023-12-04 01:04:56
80,42,19,152,2023-12-01 16:54:00,15,7.99,
80,13,206,152,2023-12-01 16:54:00,1,30.99,2023-12-07 11:41:11
66,5,41,153,2021-11-09 11:07:51,1,24.99,2023-08-02 21:50:33
77,42,121,154,2021-12-07 05:32:42,19,7.99,2022-11-22 23:37:05
77,13,206,154,2021-12-07 05:32:42,2,11.99,2023-09-21 16:44:55
40,65,212,155,2019-02-17 05:11:23,6,6.99,2020-03-11 21:18:52
77,2,28,156,2020-07-31 07:20:33,2,0.99,2022-05-05 04:16:39
39,65,103,157,2022-04-01 18:59:44,2,1.99,2023-07-12 04:10:18
9,82,74,158,2022-05-29 22:11:54,2,29.99,2023-05-07 05:33:58
9,52,144,158,2022-05-29 22:11:54,20,17.99,2022-12-14 15:10:53
58,81,184,159,2022-06-11 08:30:13,6,7.99,2022-07-05 04:34:48
58,42,19,159,2022-06-11 08:30:13,7,7.99,2023-04-08 10:59:18
15,5,162,160,2019-02-27 23:16:22,12,22.99,2019-05-05 06:17:02
88,6,216,161,2019-01-20 00:12:50,11,12.99,2022-12-08 05:31:13
88,51,223,161,2019-01-20 00:12:50,16,14.99,2023-02-08 13:03:31
88,82,121,161,2019-01-20 00:12:50,18,24.99,2022-06-21 18:31:20
66,82,227,162,2019-10-01 23:54:28,3,3.99,2021-03-03 05:53:58
66,13,144,162,2019-10-01 23:54:28,16,16.99,2023-11-13 23:01:13
66,2,164,163,2021-05-18 12:59:06,2,21.99,2021-05-19 16:04:16
66,96,223,163,2021-05-18 12:59:06,5,4.99,2022-01-22 23:01:51
66,6,216,163,2021-05-18 12:59:06,6,27.99,2022-05-30 09:04:31
3,65,56,164,2023-01-16 23:32:21,13,10.99,
21,65,212,165,2020-12-17 15:09:35,12,27.99,2021-12-03 18:32:50
21,50,235,165,2020-12-17 15:09:35,15,7.99,2022-07-04 23:27:35
72,51,240,166,2019-01-19 10:52:35,6,10.99,2019-02-05 23:12:36
22,81,123,167,2020-03-15 03:51:45,1,20.99,2020-04-23 06:07:22
4,12,172,168,2019-05-04 06:32:07,4,17.99,2020-08-05 03:26:59
4,6,42,168,2019-05-04 06:32:07,13,30.99,2019-07-25 10:09:59
87,31,238,169,2021-10-07 23:13:07,8,17.99,2022-05-10 01:55:28
68,13,112,170,2022-05-05 13:43:26,3,18.99,2022-08-14 09:19:37
44,31,45,171,2019-10-04 14:26:50,2,14.99,2023-07-27 00:43:28
48,39,225,172,2020-11-06 18:21:59,13,8.99,2021-11-14 16:15:18
74,65,103,173,2019-07-11 00:59:05,9,12.99,2021-11-14 03:43:59
2,65,251,174,2022-12-21 23:43:07,8,0.99,2023-04-08 06:51:07
2,5,217,174,2022-12-21 23:43:07,13,21.99,2023-08-22 03:24:50
6,6,175,175,2020-02-29 15:31:27,13,5.99,2020-04-11 06:32:26
6,31,238,175,2020-02-29 15:31:27,13,17.99,2022-01-02 05:19:00
6,52,29,175,2020-02-29 15:31:27,15,9.99,2020-11-06 08:10:16
52,6,248,176,2020-04-15 15:14:51,19,19.99,2021-06-30 08:42:48
47,50,10,177,2021-11-15 19:05:40,5,25.99,2023-03-19 01:08:13
47,52,144,177,2021-11-15 19:05:40,17,17.99,2023-06-24 00:03:37
32,5,242,178,2020-06-10 05:06:34,19,15.99,2021-10-27 13:43:43
5,12,171,179,2021-05-31 01:25:09,18,11.99,2023-03-31 22:13:06
5,2,164,179,2021-05-31 01:25:09,9,0.99,2023-01-03 20:29:11
17,98,92,180,2020-01-23 04:55:35,4,14.99,2022-09-01 16:01:18
55,13,144,181,2023-11-04 08:14:17,13,7.99,
55,82,160,181,2023-11-04 08:14:17,3,17.99,2023-11-24 23:53:50
19,51,223,182,2020-09-13 04:16:58,6,3.99,2021-09-02 18:02:26
63,2,83,183,2021-12-21 16:34:20,20,15.99,2023-07-16 06:20:14
63,12,90,183,2021-12-21 16:34:20,11,2.99,2023-06-06 02:50:49
63,6,132,183,2021-12-21 16:34:20,14,3.99,2023-08-14 10:10:38
63,82,227,183,2021-12-21 16:34:20,11,30.99,2023-04-23 10:53:51
63,50,10,183,2021-12-21 16:34:20,18,24.99,2023-06-14 15:14:51
63,6,48,183,2021-12-21 16:34:20,18,27.99,2022-08-15 18:42:07
63,12,107,183,2021-12-21 16:34:20,13,5.99,2022-09-16 20:17:17
63,65,43,183,2021-12-21 16:34:20,17,15.99,2022-08-16 11:46:50
63,81,123,183,2021-12-21 16:34:20,5,1.99,2022-04-15 08:53:49
81,2,8,184,2023-05-03 05:54:28,4,6.99,2023-07-21 19:54:06
81,52,29,184,2023-05-03 05:54:28,4,14.99,2023-08-14 19:32:19
10,65,9,185,2019-03-30 12:34:47,1,7.99,2020-03-23 01:18:57
10,13,112,185,2019-03-30 12:34:47,16,24.99,2021-12-13 14:45:02
10,6,175,185,2019-03-30 12:34:47,6,9.99,2021-05-27 07:30:13
99,81,249,186,2020-11-18 04:55:44,6,28.99,2023-04-09 16:34:23
99,96,223,186,2020-11-18 04:55:44,3,10.99,2023-01-16 08:14:48
82,6,248,187,2020-05-09 21:17:34,17,10.99,2022-02-04 02:14:26
82,52,29,187,2020-05-09 21:17:34,15,10.99,2023-05-14 22:21:01
2,81,123,188,2023-12-07 17:13:30,5,16.99,
48,39,77,189,2019-09-04 06:33:25,19,11.99,2023-02-14 03:35:02
48,42,19,189,2019-09-04 06:33:25,2,4.99,2023-10-04 09:43:15
64,65,56,190,2023-02-08 20:34:36,18,21.99,
69,82,227,191,2022-01-13 12:29:06,6,12.99,2022-09-05 10:37:44
69,52,29,191,2022-01-13 12:29:06,2,23.99,2023-01-03 10:06:31
69,5,162,191,2022-01-13 12:29:06,16,11.99,2022-11-14 23:05:05
69,51,240,191,2022-01-13 12:29:06,18,6.99,2022-03-26 03:59:22
14,82,227,192,2021-06-17 09:44:17,5,29.99,2022-12-27 19:29:04
14,5,41,192,2021-06-17 09:44:17,5,13.99,2023-11-02 08:30:26
51,8,193,193,2023-09-08 02:48:45,20,10.99,2023-10-25 17:23:59
51,6,175,193,2023-09-08 02:48:45,2,17.99,2023-12-02 01:01:26
51,42,127,193,2023-09-08 02:48:45,8,12.99,
1,12,203,194,2023-02-25 11:32:10,12,18.99,2023-09-11 03:33:32
73,5,208,195,2022-07-12 15:06:57,8,13.99,2023-04-24 01:47:45
73,6,48,195,2022-07-12 15:06:57,8,3.99,2023-02-21 06:00:42
73,8,193,195,2022-07-12 15:06:57,16,20.99,2023-12-07 06:29:55
78,13,144,196,2020-01-14 13:06:52,4,17.99,2021-09-28 18:39:38
60,52,144,197,2020-11-17 23:50:50,12,25.99,2023-07-28 00:27:38
45,13,144,198,2022-05-07 02:17:15,10,10.99,2022-07-27 21:00:35
45,42,153,198,2022-05-07 02:17:15,4,12.99,2023-04-18 12:05:19
31,6,42,199,2020-07-11 09:58:40,3,25.99,2022-08-26 01:25:28
49,96,243,200,2022-03-30 07:29:15,8,3.99,2023-05-03 04:27:53
49,42,204,200,2022-03-30 07:29:15,19,27.99,2023-07-23 09:32:55
49,9,34,200,2022-03-30 07:29:15,17,20.99,2022-11-27 00:46:46
66,50,87,201,2018-12-13 17:02:05,3,25.99,2022-12-18 10:27:48
29,12,59,202,2022-08-09 18:31:50,2,25.99,2023-10-30 16:26:26
33,81,217,203,2020-08-21 22:13:32,11,18.99,2021-05-26 07:51:25
89,82,88,204,2022-01-12 23:59:11,1,6.99,2022-07-13 13:05:53
68,5,217,205,2018-12-22 14:41:58,2,7.99,2019-12-19 12:55:53
68,52,29,205,2018-12-22 14:41:58,2,10.99,2019-09-02 00:34:46
0,98,146,206,2023-05-12 21:07:10,20,1.99,
0,6,216,206,2023-05-12 21:07:10,8,5.99,
48,2,8,207,2019-04-15 14:24:21,20,17.99,2021-07-30 08:11:20
48,82,160,207,2019-04-15 14:24:21,12,10.99,2022-02-26 15:13:02
17,81,184,208,2023-05-02 23:15:58,2,30.99,2023-08-08 17:27:01
3,82,74,209,2020-02-22 11:16:39,5,21.99,2021-10-03 02:01:40
84,39,186,210,2021-08-27 09:03:12,7,17.99,2023-06-12 15:29:22
71,50,173,211,2019-11-01 11:34:38,16,4.99,2020-05-12 23:02:03
71,51,96,211,2019-11-01 11:34:38,6,9.99,2021-10-08 03:34:33
53,96,223,212,2021-02-06 02:39:35,13,21.99,2021-06-08 03:12:43
29,51,240,213,2022-10-18 12:33:36,8,6.99,2023-07-18 04:34:52
29,42,153,213,2022-10-18 12:33:36,14,21.99,2022-11-06 02:22:49
29,65,222,213,2022-10-18 12:33:36,1,16.99,2023-08-28 23:42:04
30,65,222,214,2021-02-02 07:52:06,16,25.99,2023-02-10 08:43:03
36,6,48,215,2021-12-31 00:29:37,16,3.99,2023-04-10 14:59:47
36,6,42,215,2021-12-31 00:29:37,1,28.99,2022-05-25 17:44:15
36,12,196,215,2021-12-31 00:29:37,4,3.99,2022-02-14 20:16:34
42,6,42,216,2020-04-19 19:35:42,2,14.99,2021-12-17 02:59:26
63,81,123,217,2020-07-27 07:03:47,6,6.99,2022-03-26 12:38:20
63,5,242,217,2020-07-27 07:03:47,6,8.99,2023-10-20 15:57:12
63,81,79,217,2020-07-27 07:03:47,7,5.99,2023-08-25 21:01:07
63,96,223,217,2020-07-27 07:03:47,20,0.99,2023-01-18 11:28:59
88,39,77,218,2023-02-18 16:31:48,19,22.99,2023-05-12 13:20:57
77,2,164,219,2021-08-21 15:08:51,18,12.99,2022-06-22 17:09:21
17,2,8,220,2021-01-01 02:50:29,15,26.99,2023-11-14 10:59:28
87,65,56,221,2019-11-12 10:19:24,17,30.99,2021-09-03 11:08:14
87,82,171,221,2019-11-12 10:19:24,11,8.99,2021-12-17 22:42:58
47,81,79,222,2023-09-05 07:03:30,12,28.99,
47,42,222,222,2023-09-05 07:03:30,11,3.99,2023-11-26 10:22:18
96,5,162,223,2019-11-25 14:40:23,5,20.99,2023-11-19 06:16:26
96,22,40,223,2019-11-25 14:40:23,18,5.99,2020-10-16 20:47:07
96,22,28,223,2019-11-25 14:40:23,7,20.99,2020-10-12 16:13:23
96,5,208,223,2019-11-25 14:40:23,19,13.99,2022-04-28 11:20:09
81,31,238,224,2018-12-21 11:24:29,5,24.99,2023-06-27 17:40:56
81,12,59,224,2018-12-21 11:24:29,13,12.99,2023-08-07 08:38:19
77,51,68,225,2023-02-16 11:46:56,1,11.99,
95,14,183,226,2019-02-18 19:10:26,8,27.99,2019-05-16 10:42:35
95,52,166,226,2019-02-18 19:10:26,5,0.99,2022-04-05 14:50:50
14,50,235,227,2022-09-27 20:47:35,9,13.99,2023-03-17 09:06:04
64,65,43,228,2021-10-29 05:57:43,8,7.99,2023-07-31 09:05:50
64,5,208,228,2021-10-29 05:57:43,2,10.99,2022-02-26 11:22:01
64,12,172,228,2021-10-29 05:57:43,19,12.99,2022-11-09 23:45:43
64,5,162,228,2021-10-29 05:57:43,17,2.99,2022-11-05 15:22:59
93,39,77,229,2019-02-22 01:59:08,4,28.99,2022-11-02 05:56:55
93,65,9,229,2019-02-22 01:59:08,5,5.99,2020-05-07 10:57:03
93,10,18,229,2019-02-22 01:59:08,2,1.99,2021-06-16 03:20:35
44,10,97,230,2021-06-01 16:07:57,12,4.99,2022-03-23 02:49:52
43,96,223,231,2023-04-27 21:03:51,18,18.99,
43,50,10,231,2023-04-27 21:03:51,9,24.99,
43,36,52,231,2023-04-27 21:03:51,3,1.99,2023-08-03 13:25:53
75,51,251,232,2020-01-11 02:32:06,16,27.99,2020-03-04 22:43:10
75,96,243,232,2020-01-11 02:32:06,3,10.99,2020-06-09 12:05:33
75,51,240,232,2020-01-11 02:32:06,7,5.99,2020-10-12 08:41:42
75,81,179,232,2020-01-11 02:32:06,8,3.99,2021-09-21 23:33:03
75,9,186,232,2020-01-11 02:32:06,15,19.99,2021-07-05 08:25:23
44,6,248,233,2023-08-04 22:37:22,7,7.99,
44,12,172,233,2023-08-04 22:37:22,9,0.99,2023-11-21 21:31:43
41,2,8,234,2021-07-23 15:41:45,3,26.99,2022-12-07 20:00:23
1,2,164,235,2021-06-04 01:55:21,13,9.99,2021-11-29 04:42:43
1,8,60,235,2021-06-04 01:55:21,7,6.99,2023-08-09 13:09:19
57,51,240,236,2019-09-10 20:08:58,14,13.99,2021-10-30 19:14:58
57,51,223,236,2019-09-10 20:08:58,4,25.99,2020-01-13 16:39:07
57,52,29,236,2019-09-10 20:08:58,2,0.99,2020-06-07 08:21:22
55,12,203,237,2021-05-17 10:57:51,2,20.99,2021-06-22 00:56:06
55,2,152,237,2021-05-17 10:57:51,9,15.99,2021-09-12 18:55:36
70,81,123,238,2021-05-19 15:18:55,2,3.99,2022-06-10 03:43:32
33,82,74,239,2019-05-31 20:51:32,13,20.99,2022-09-20 06:01:28
28,39,225,240,2021-02-03 02:35:37,11,17.99,2023-05-11 18:37:31
28,50,10,240,2021-02-03 02:35:37,4,14.99,2022-11-23 05:34:24
6,22,43,241,2020-11-25 08:10:53,16,20.99,2022-07-14 09:34:50
6,12,172,241,2020-11-25 08:10:53,4,29.99,2021-09-05 00:41:08
6,96,231,241,2020-11-25 08:10:53,1,23.99,2022-06-10 22:59:54
67,51,68,242,2021-01-12 13:31:45,16,28.99,2022-03-26 03:43:28
60,12,90,243,2019-06-07 21:55:18,6,20.99,2023-11-22 15:38:34
19,14,183,244,2020-10-26 04:36:37,10,24.99,2021-06-08 21:42:43
32,8,193,245,2023-07-26 06:52:00,1,27.99,
32,39,225,245,2023-07-26 06:52:00,6,22.99,2023-09-11 12:57:07
32,50,231,245,2023-07-26 06:52:00,19,4.99,
99,82,227,246,2021-06-25 18:33:20,1,4.99,2023-06-11 17:20:08
21,9,70,247,2022-03-06 09:16:54,17,30.99,2023-01-01 16:19:34
67,10,243,248,2023-02-17 20:59:38,4,27.99,2023-04-08 02:35:21
10,96,223,249,2019-01-10 09:07:26,8,27.99,2022-05-24 07:07:35
10,42,204,249,2019-01-10 09:07:26,14,16.99,2021-12-18 04:03:21
92,81,123,250,2019-08-03 16:59:06,6,23.99,2021-08-26 15:48:52
92,9,34,250,2019-08-03 16:59:06,2,20.99,2020-02-27 23:27:37
57,96,116,251,2020-01-30 10:52:45,20,11.99,2022-09-30 06:29:45
76,51,251,252,2020-03-11 14:38:06,12,15.99,2023-01-11 12:32:46
38,14,183,253,2023-03-16 11:52:19,9,8.99,
38,9,70,253,2023-03-16 11:52:19,11,0.99,
37,6,48,254,2021-10-04 17:14:23,12,4.99,2023-05-19 02:59:06
37,98,92,254,2021-10-04 17:14:23,17,30.99,2023-01-10 11:54:57
37,81,179,254,2021-10-04 17:14:23,19,19.99,2022-10-05 03:39:25
33,9,186,255,2023-04-24 16:57:41,6,3.99,
68,65,56,256,2023-03-30 16:17:47,16,5.99,
83,12,59,257,2023-06-02 02:06:17,2,1.99,2023-11-02 09:14:38
8,10,97,258,2019-02-03 09:36:11,7,29.99,2019-12-21 01:47:57
8,10,243,258,2019-02-03 09:36:11,6,25.99,2020-07-26 17:08:43
34,81,123,259,2019-01-05 14:32:16,1,0.99,2019-03-10 18:23:09
34,65,47,259,2019-01-05 14:32:16,6,8.99,2021-08-26 23:49:46
63,10,18,260,2022-01-10 06:37:26,12,29.99,2022-03-19 11:32:56
63,6,132,260,2022-01-10 06:37:26,1,14.99,2023-08-29 20:38:05
68,52,244,261,2021-04-03 08:55:15,12,28.99,2022-02-21 10:38:43
23,22,40,262,2020-06-16 03:59:54,16,13.99,2023-04-04 11:33:17
23,6,248,262,2020-06-16 03:59:54,17,0.99,2022-03-11 11:42:53
23,65,9,262,2020-06-16 03:59:54,8,9.99,2020-06-20 10:28:55
77,5,41,263,2019-03-16 00:19:37,5,13.99,2023-06-24 02:42:56
42,5,208,264,2020-07-18 00:20:44,2,26.99,2021-12-26 19:55:04
84,6,48,265,2021-04-09 02:28:19,16,9.99,2023-04-26 16:44:19
84,65,47,265,2021-04-09 02:28:19,9,29.99,2021-08-08 02:48:37
84,51,96,265,2021-04-09 02:28:19,6,6.99,2021-09-23 08:51:58
91,65,251,266,2022-05-18 12:50:38,20,3.99,2023-05-01 08:16:54
91,39,225,266,2022-05-18 12:50:38,20,24.99,2023-04-09 02:30:29
91,6,231,266,2022-05-18 12:50:38,4,25.99,2023-08-15 13:11:53
91,6,132,266,2022-05-18 12:50:38,16,13.99,2023-01-02 01:15:05
91,82,160,266,2022-05-18 12:50:38,14,15.99,2022-12-08 05:07:25
91,12,171,266,2022-05-18 12:50:38,12,16.99,2023-06-17 22:45:14
91,96,223,266,2022-05-18 12:50:38,1,11.99,2022-06-19 07:14:10
99,65,47,267,2020-02-11 21:36:45,4,26.99,2021-11-06 20:45:20
99,22,40,267,2020-02-11 21:36:45,16,27.99,2023-11-19 03:15:51
99,6,48,267,2020-02-11 21:36:45,3,10.99,2023-02-07 19:44:27
99,51,107,267,2020-02-11 21:36:45,2,6.99,2021-01-01 22:34:44
99,36,52,267,2020-02-11 21:36:45,1,22.99,2020-04-25 04:09:47
99,65,56,267,2020-02-11 21:36:45,5,19.99,2022-07-01 05:56:05
99,31,238,267,2020-02-11 21:36:45,18,5.99,2020-05-06 23:54:10
99,42,204,267,2020-02-11 21:36:45,5,5.99,2022-07-01 17:04:57
99,96,231,267,2020-02-11 21:36:45,19,20.99,2020-10-30 10:19:37
99,12,196,267,2020-02-11 21:36:45,9,3.99,2021-03-10 11:31:43
1,10,243,268,2019-05-17 18:30:28,17,23.99,2019-12-21 18:17:17
1,2,152,268,2019-05-17 18:30:28,5,8.99,2020-07-28 09:00:32
14,51,6,269,2021-10-05 18:43:41,1,23.99,2023-02-20 00:58:05
96,50,235,270,2019-06-21 00:30:31,3,1.99,2022-08-22 22:39:32
42,9,34,271,2023-01-24 00:27:42,16,4.99,2023-08-20 01:34:13
49,5,208,272,2022-05-14 15:12:33,18,21.99,2023-05-22 11:43:00
9,51,240,273,2020-10-20 00:40:46,5,6.99,2023-07-17 21:24:13
9,31,238,273,2020-10-20 00:40:46,17,3.99,2022-02-18 20:44:44
9,50,235,273,2020-10-20 00:40:46,5,9.99,2021-06-19 04:50:11
72,81,217,274,2019-12-03 15:14:07,3,22.99,2022-02-25 04:46:03
45,12,90,275,2022-12-29 11:28:50,13,1.99,2023-08-16 04:25:33
45,65,103,275,2022-12-29 11:28:50,15,25.99,2023-07-16 11:29:50
64,13,112,276,2019-04-04 09:49:21,13,10.99,2022-05-15 11:42:06
64,13,144,276,2019-04-04 09:49:21,1,18.99,2021-05-19 09:59:20
14,98,201,277,2022-01-24 22:00:19,14,6.99,2023-09-12 08:11:14
3,65,103,278,2023-05-08 02:24:09,17,10.99,2023-06-20 11:03:52
46,52,232,279,2020-06-19 06:49:19,11,29.99,2021-08-11 13:36:50
53,50,10,280,2018-12-12 15:51:16,8,1.99,2023-01-03 22:30:45
53,13,112,280,2018-12-12 15:51:16,6,17.99,2019-04-27 09:49:22
21,50,78,281,2022-03-19 14:27:42,10,27.99,2023-09-02 14:51:24
21,51,96,281,2022-03-19 14:27:42,20,7.99,2023-06-28 11:09:10
56,81,79,282,2021-08-14 01:14:54,19,1.99,2023-01-05 05:04:18
80,42,222,283,2020-02-29 06:33:07,17,25.99,2021-12-27 12:42:32
80,22,237,283,2020-02-29 06:33:07,10,20.99,2021-03-09 01:26:44
30,10,243,284,2023-07-02 08:06:03,19,24.99,2023-09-12 14:02:56
79,10,18,285,2020-03-07 15:46:25,11,29.99,2021-03-21 00:54:21
79,50,235,285,2020-03-07 15:46:25,9,23.99,2022-07-10 15:52:15
90,52,244,286,2019-11-30 02:18:23,15,13.99,2021-12-14 11:24:27
90,9,34,286,2019-11-30 02:18:23,2,11.99,2022-06-27 07:01:31
90,82,227,286,2019-11-30 02:18:23,3,16.99,2022-03-19 05:28:04
90,50,173,286,2019-11-30 02:18:23,10,2.99,2021-07-27 10:46:24
45,12,90,287,2022-05-25 05:21:57,11,8.99,2022-06-10 07:55:54
25,5,242,288,2020-04-29 18:10:14,5,7.99,2022-04-11 18:05:41
36,5,208,289,2023-01-27 22:19:23,14,2.99,2023-05-29 22:42:18
36,98,92,289,2023-01-27 22:19:23,13,13.99,2023-02-18 01:51:26
36,6,132,289,2023-01-27 22:19:23,11,26.99,2023-03-30 22:57:19
36,65,212,289,2023-01-27 22:19:23,15,12.99,2023-05-27 21:17:00
36,39,225,289,2023-01-27 22:19:23,16,17.99,
10,81,179,290,2019-09-18 02:30:44,17,13.99,2023-12-03 22:10:55
10,22,28,290,2019-09-18 02:30:44,5,20.99,2021-11-23 03:05:38
10,13,250,290,2019-09-18 02:30:44,20,26.99,2020-02-13 20:54:42
5,52,232,291,2019-10-01 05:48:18,10,25.99,2020-02-20 08:22:02
5,65,9,291,2019-10-01 05:48:18,5,11.99,2023-01-12 18:17:54
5,98,201,291,2019-10-01 05:48:18,20,25.99,2022-01-03 11:02:27
20,9,70,292,2020-07-01 08:35:45,19,22.99,2021-06-17 11:04:33
29,6,48,293,2021-02-16 19:31:20,16,0.99,2022-06-03 06:24:57
29,50,235,293,2021-02-16 19:31:20,9,8.99,2021-12-31 09:27:51
84,5,208,294,2022-05-25 23:28:16,6,24.99,2022-10-27 10:46:05
68,82,9,295,2023-01-07 02:50:30,5,10.99,2023-10-27 11:18:29
92,12,90,296,2021-04-24 06:26:25,20,14.99,2022-04-01 22:01:52
92,81,179,296,2021-04-24 06:26:25,1,2.99,2023-02-02 21:58:17
68,96,231,297,2019-04-15 04:37:39,17,29.99,2021-12-30 12:04:50
68,10,107,297,2019-04-15 04:37:39,15,9.99,2021-12-23 20:27:20
68,81,79,297,2019-04-15 04:37:39,8,26.99,2021-08-17 15:35:30
68,81,179,297,2019-04-15 04:37:39,4,27.99,2022-04-05 23:39:36
68,50,10,298,2021-05-05 00:03:56,7,30.99,2022-07-22 21:10:20
22,51,240,299,2022-02-17 10:58:16,4,25.99,2023-05-21 17:18:27
17,81,184,300,2022-11-09 07:32:41,3,30.99,2023-10-03 12:32:27
17,10,109,300,2022-11-09 07:32:41,18,29.99,2023-04-09 20:07:58
17,52,244,300,2022-11-09 07:32:41,9,27.99,2023-10-17 10:56:41
6,42,16,301,2021-11-12 09:15:42,13,0.99,2023-06-06 17:55:53
98,22,40,302,2023-07-16 16:54:58,19,6.99,2023-08-15 05:01:56
98,12,172,302,2023-07-16 16:54:58,17,14.99,2023-11-05 10:43:55
98,96,223,302,2023-07-16 16:54:58,13,14.99,2023-08-09 07:37:58
98,42,153,302,2023-07-16 16:54:58,6,25.99,
48,10,18,303,2022-05-24 12:56:14,3,12.99,2023-07-24 03:47:08
27,10,243,304,2023-02-13 12:53:46,3,3.99,2023-04-28 21:28:44
27,65,47,304,2023-02-13 12:53:46,7,29.99,2023-09-15 05:28:33
27,81,181,304,2023-02-13 12:53:46,20,30.99,2023-07-16 21:36:30
27,10,109,304,2023-02-13 12:53:46,16,0.99,2023-10-20 02:35:31
27,98,92,304,2023-02-13 12:53:46,2,9.99,
27,51,157,304,2023-02-13 12:53:46,1,6.99,
35,50,87,305,2021-05-27 16:01:35,13,21.99,2022-10-20 19:41:32
35,81,79,305,2021-05-27 16:01:35,10,18.99,2021-10-12 10:18:18
63,65,212,306,2022-02-01 22:16:26,20,13.99,2023-05-30 13:17:23
17,81,184,307,2022-06-02 10:34:33,4,19.99,2022-06-16 06:55:05
66,50,10,308,2022-01-31 15:37:51,5,20.99,2022-05-01 13:27:49
87,65,251,309,2019-07-31 10:38:36,12,9.99,2021-03-17 18:50:19
87,9,70,309,2019-07-31 10:38:36,17,0.99,2023-03-09 06:49:37
87,81,184,309,2019-07-31 10:38:36,4,30.99,2022-12-08 22:10:43
9,81,217,310,2021-05-20 18:08:20,5,8.99,2023-08-16 23:28:53
9,39,186,310,2021-05-20 18:08:20,16,18.99,2022-11-15 08:13:11
73,6,248,311,2022-08-03 16:24:20,9,10.99,2023-01-15 00:54:07
73,6,132,311,2022-08-03 16:24:20,5,2.99,2023-07-12 13:31:12
22,51,223,312,2019-04-06 15:32:46,10,8.99,2023-04-06 11:56:57
22,81,249,312,2019-04-06 15:32:46,4,20.99,2020-02-14 10:37:41
5,50,173,313,2019-03-12 03:40:40,19,15.99,2019-12-05 04:12:29
5,42,153,313,2019-03-12 03:40:40,19,3.99,2021-05-18 04:14:12
48,98,92,314,2020-04-26 09:36:25,8,10.99,2022-12-23 18:36:51
48,6,135,314,2020-04-26 09:36:25,19,29.99,2023-05-31 22:15:01
63,51,157,315,2021-01-02 04:18:58,1,30.99,2021-12-19 23:52:48
63,50,235,315,2021-01-02 04:18:58,5,22.99,2023-09-18 11:00:22
63,6,248,315,2021-01-02 04:18:58,19,19.99,2023-08-24 06:28:57
35,8,244,316,2019-10-01 04:39:41,9,30.99,2022-05-25 22:16:34
33,42,153,317,2023-11-09 09:09:22,14,9.99,2023-11-11 09:30:41
33,50,235,317,2023-11-09 09:09:22,15,16.99,
33,65,97,317,2023-11-09 09:09:22,13,23.99,2023-11-10 10:59:20
99,81,184,318,2019-09-11 13:52:54,1,2.99,2020-09-30 14:40:00
40,51,157,319,2019-01-10 19:07:17,9,2.99,2022-08-10 06:33:42
40,96,231,319,2019-01-10 19:07:17,11,6.99,2023-11-15 02:48:23
49,81,123,320,2020-08-22 08:02:18,10,1.99,2021-01-16 19:32:02
49,42,19,320,2020-08-22 08:02:18,9,5.99,2021-08-25 08:19:33
99,81,249,321,2021-07-17 04:13:26,3,26.99,2023-02-08 17:22:13
49,50,235,322,2022-09-28 07:46:58,2,10.99,2023-05-07 22:56:54
49,65,251,322,2022-09-28 07:46:58,14,14.99,2023-09-26 23:47:22
49,65,212,322,2022-09-28 07:46:58,5,13.99,2023-02-26 12:25:53
49,6,216,322,2022-09-28 07:46:58,9,8.99,2022-12-20 09:58:26
49,98,40,322,2022-09-28 07:46:58,7,17.99,2023-10-09 21:03:15
51,50,87,323,2020-01-24 22:12:21,20,23.99,2022-03-07 14:56:57
51,12,90,323,2020-01-24 22:12:21,6,29.99,2023-01-06 23:46:59
33,2,152,324,2019-11-13 02:15:42,1,22.99,2021-09-20 12:23:26
92,12,172,325,2020-07-28 19:21:38,11,26.99,2022-04-27 04:36:38
92,50,231,325,2020-07-28 19:21:38,4,22.99,2021-08-21 02:40:33
92,14,183,325,2020-07-28 19:21:38,16,19.99,2022-06-14 12:11:32
92,52,244,325,2020-07-28 19:21:38,12,22.99,2022-05-24 04:42:39
74,42,222,326,2019-11-01 14:20:49,3,22.99,2022-03-16 20:34:05
1,42,204,327,2023-05-27 10:00:44,13,17.99,
1,81,181,327,2023-05-27 10:00:44,14,12.99,2023-06-18 15:58:43
1,12,203,327,2023-05-27 10:00:44,10,27.99,2023-09-12 14:23:11
1,52,120,327,2023-05-27 10:00:44,11,8.99,2023-05-27 11:15:49
1,13,144,327,2023-05-27 10:00:44,15,26.99,
33,81,179,328,2023-07-31 12:51:14,6,28.99,
42,82,88,329,2020-09-13 23:42:58,10,3.99,2023-01-08 06:19:41
38,6,132,330,2019-09-22 01:42:42,4,14.99,2022-01-15 07:46:18
38,5,162,330,2019-09-22 01:42:42,8,14.99,2023-08-22 21:00:13
38,42,19,330,2019-09-22 01:42:42,6,14.99,2020-06-05 12:02:16
88,42,153,331,2020-05-12 23:18:42,15,30.99,2023-05-12 13:56:48
48,98,201,332,2019-01-28 08:25:50,4,28.99,2019-12-06 10:06:23
98,12,172,333,2022-03-07 16:32:22,7,27.99,2022-09-22 21:53:38
82,22,40,334,2023-03-25 14:14:04,18,8.99,
82,81,181,334,2023-03-25 14:14:04,19,4.99,2023-09-05 01:33:48
44,65,47,335,2023-04-20 19:19:27,11,28.99,2023-10-21 11:05:19
44,42,153,335,2023-04-20 19:19:27,9,7.99,
28,6,216,336,2022-11-13 20:17:56,11,26.99,2022-12-01 21:13:08
89,65,43,337,2021-05-16 03:57:21,8,12.99,2021-06-17 19:26:48
66,6,88,338,2020-06-26 17:46:39,7,10.99,2022-02-20 12:33:58
66,51,240,338,2020-06-26 17:46:39,5,6.99,2020-08-16 21:12:42
59,50,10,339,2022-09-08 07:38:46,12,29.99,2022-09-17 13:40:57
8,9,70,340,2023-02-09 02:06:01,5,23.99,
8,51,157,340,2023-02-09 02:06:01,18,26.99,2023-07-16 08:28:57
8,2,28,340,2023-02-09 02:06:01,18,12.99,2023-08-13 09:41:54
8,13,144,340,2023-02-09 02:06:01,1,20.99,2023-04-26 20:38:40
65,39,225,341,2021-05-07 13:43:14,2,28.99,2021-07-06 23:35:07
82,42,127,342,2022-06-12 05:50:43,13,11.99,2023-10-26 05:19:30
82,50,81,342,2022-06-12 05:50:43,5,20.99,2023-06-23 17:25:07
80,31,238,343,2022-08-20 20:49:33,10,3.99,2023-09-01 15:59:38
55,6,248,344,2022-04-18 11:28:33,12,30.99,2023-12-05 10:44:35
55,65,9,344,2022-04-18 11:28:33,10,13.99,2023-04-18 07:02:34
53,51,240,345,2023-12-02 15:50:58,6,22.99,
53,42,19,345,2023-12-02 15:50:58,10,2.99,2023-12-03 11:01:20
3,13,250,346,2021-10-26 09:42:13,5,16.99,2022-03-17 14:00:20
3,50,173,346,2021-10-26 09:42:13,4,18.99,2022-03-13 00:23:27
83,65,47,347,2020-06-16 16:53:50,1,16.99,2023-03-29 23:26:07
83,51,157,347,2020-06-16 16:53:50,14,27.99,2023-05-01 13:17:46
50,42,222,348,2022-09-06 22:18:07,10,10.99,2023-10-24 15:00:48
20,5,217,349,2019-11-04 20:09:16,1,12.99,2021-11-09 13:13:48
20,12,196,349,2019-11-04 20:09:16,10,14.99,2021-02-15 16:20:28
20,96,90,349,2019-11-04 20:09:16,11,28.99,2023-01-28 15:03:38
97,42,153,350,2021-06-08 03:17:02,8,28.99,2023-05-15 14:45:11
26,81,181,351,2022-02-23 19:45:47,3,8.99,2023-01-19 02:44:46
26,22,43,351,2022-02-23 19:45:47,1,13.99,2022-10-10 15:19:06
4,12,172,352,2019-04-21 12:42:33,5,25.99,2020-09-28 08:12:59
4,50,87,352,2019-04-21 12:42:33,19,16.99,2020-06-27 04:09:47
4,2,28,352,2019-04-21 12:42:33,18,22.99,2020-06-13 19:44:42
8,6,88,353,2019-12-03 09:59:02,7,12.99,2023-05-31 07:57:06
8,65,222,353,2019-12-03 09:59:02,3,4.99,2020-05-30 06:22:24
8,50,87,353,2019-12-03 09:59:02,15,19.99,2022-01-20 07:57:03
17,8,60,354,2022-02-07 23:06:47,14,8.99,2023-03-12 05:09:17
64,6,231,355,2019-03-27 15:32:01,18,1.99,2021-05-06 12:19:04
64,22,237,355,2019-03-27 15:32:01,12,27.99,2023-09-25 00:58:46
73,42,16,356,2023-08-02 20:56:50,13,26.99,
77,98,92,357,2022-05-20 04:30:54,12,11.99,2022-12-26 11:39:18
2,14,183,358,2019-01-02 09:28:17,1,12.99,2020-03-22 01:29:56
2,65,97,358,2019-01-02 09:28:17,7,12.99,2020-03-02 14:00:32
62,8,193,359,2023-01-20 01:09:53,5,13.99,2023-05-07 01:10:22
62,6,48,359,2023-01-20 01:09:53,6,1.99,
80,13,16,360,2019-09-29 23:56:22,17,25.99,2023-02-13 05:39:41
32,50,173,361,2021-08-31 14:44:34,7,13.99,2022-02-27 09:49:49
32,65,103,361,2021-08-31 14:44:34,8,3.99,2023-03-02 09:26:38
32,31,238,361,2021-08-31 14:44:34,9,1.99,2023-04-26 03:14:07
81,98,120,362,2021-10-05 02:59:55,8,29.99,2023-06-09 07:21:50
81,81,217,362,2021-10-05 02:59:55,14,2.99,2022-11-28 19:42:43
81,6,216,362,2021-10-05 02:59:55,2,2.99,2022-11-24 23:21:19
81,5,208,362,2021-10-05 02:59:55,14,7.99,2021-10-17 05:14:06
83,82,160,363,2020-06-17 10:14:36,9,22.99,2022-01-12 02:40:20
83,51,68,363,2020-06-17 10:14:36,6,28.99,2022-07-30 03:30:48
83,9,70,363,2020-06-17 10:14:36,20,17.99,2022-12-26 02:03:35
88,5,121,364,2019-04-20 01:28:30,9,17.99,2019-05-06 04:26:39
88,6,216,364,2019-04-20 01:28:30,11,29.99,2020-10-05 09:30:08
70,31,238,365,2020-08-14 13:17:52,2,15.99,2023-05-10 07:49:16
70,51,108,365,2020-08-14 13:17:52,7,1.99,2022-07-20 15:14:11
70,65,9,365,2020-08-14 13:17:52,20,28.99,2022-01-16 13:49:34
98,13,112,366,2019-01-29 11:48:10,14,24.99,2022-03-04 10:07:02
29,8,193,367,2022-03-18 20:53:04,20,2.99,2022-03-30 08:33:46
29,81,179,367,2022-03-18 20:53:04,7,28.99,2023-07-09 06:37:44
50,50,173,368,2020-04-24 03:29:52,5,28.99,2023-03-14 12:18:35
56,39,77,369,2020-10-05 14:01:57,9,4.99,2021-01-11 17:07:25
56,52,232,369,2020-10-05 14:01:57,1,11.99,2022-01-15 20:59:34
19,8,193,370,2021-01-24 05:45:23,6,20.99,2022-10-04 09:42:03
82,10,97,371,2022-07-09 04:06:17,11,25.99,2023-08-31 10:02:49
15,39,77,372,2021-01-25 20:08:58,20,18.99,2022-05-30 08:42:36
36,10,97,373,2022-02-16 23:39:55,20,22.99,2023-03-23 02:33:09
82,2,28,374,2023-04-22 17:56:33,17,12.99,
82,81,123,374,2023-04-22 17:56:33,2,12.99,
82,5,208,374,2023-04-22 17:56:33,9,4.99,
82,82,160,374,2023-04-22 17:56:33,18,4.99,2023-09-05 13:12:13
95,51,68,375,2022-12-23 01:56:59,19,15.99,2023-03-04 22:26:43
95,65,9,375,2022-12-23 01:56:59,20,2.99,2023-05-10 05:45:04
95,5,134,375,2022-12-23 01:56:59,8,25.99,2023-01-29 21:43:24
95,8,60,375,2022-12-23 01:56:59,15,0.99,2023-08-24 07:30:37
95,96,231,375,2022-12-23 01:56:59,16,23.99,2023-04-24 15:59:48
95,42,19,375,2022-12-23 01:56:59,5,16.99,2023-06-30 21:20:23
90,10,97,376,2023-05-27 13:58:12,8,3.99,
68,51,251,377,2019-10-03 11:27:53,10,23.99,2023-07-23 14:08:30
18,6,231,378,2019-06-24 23:40:52,11,25.99,2021-02-18 11:26:16
18,50,87,378,2019-06-24 23:40:52,3,25.99,2023-12-07 13:53:04
59,5,41,379,2023-09-23 03:58:32,5,26.99,
16,12,59,380,2022-12-01 09:02:27,12,28.99,2022-12-17 23:34:56
12,13,250,381,2019-11-15 13:02:14,10,9.99,2022-09-01 17:30:17
12,12,172,381,2019-11-15 13:02:14,12,16.99,2020-08-21 22:18:32
12,50,87,381,2019-11-15 13:02:14,13,8.99,2021-08-05 01:40:27
53,81,181,382,2021-03-16 13:39:31,16,11.99,2023-01-16 13:31:24
48,81,179,383,2020-03-04 10:20:52,14,6.99,2023-08-14 09:04:00
48,39,186,383,2020-03-04 10:20:52,9,14.99,2020-06-23 19:46:57
46,6,48,384,2021-05-31 20:58:46,15,29.99,2022-11-16 14:59:32
16,82,227,385,2021-10-29 12:21:21,8,5.99,2022-11-19 17:13:18
16,82,9,385,2021-10-29 12:21:21,20,13.99,2022-10-09 22:58:02
16,81,79,385,2021-10-29 12:21:21,11,7.99,2022-03-05 06:10:01
16,96,90,385,2021-10-29 12:21:21,4,5.99,2022-01-24 20:36:16
41,22,237,386,2021-07-27 18:41:29,11,24.99,2021-07-30 02:44:40
41,9,186,386,2021-07-27 18:41:29,10,22.99,2022-05-13 13:52:44
41,8,60,386,2021-07-27 18:41:29,6,6.99,2023-08-05 00:59:51
67,10,18,387,2021-02-22 04:15:41,4,0.99,2021-05-12 09:12:36
67,22,237,387,2021-02-22 04:15:41,13,29.99,2023-02-12 18:17:37
67,50,10,387,2021-02-22 04:15:41,5,13.99,2021-05-22 19:40:14
15,6,132,388,2022-05-16 23:29:18,20,0.99,2022-07-28 22:08:39
74,12,196,389,2019-10-14 06:36:05,7,12.99,2023-05-31 23:13:19
74,12,59,389,2019-10-14 06:36:05,13,6.99,2023-08-15 15:18:19
89,8,244,390,2021-03-16 14:55:21,11,15.99,2023-11-15 02:55:07
89,31,238,390,2021-03-16 14:55:21,9,30.99,2021-12-16 21:30:12
89,6,216,390,2021-03-16 14:55:21,3,17.99,2022-02-08 01:17:37
98,81,181,391,2021-12-23 13:51:46,15,2.99,2023-10-29 14:26:43
98,81,79,391,2021-12-23 13:51:46,11,5.99,2023-01-28 15:21:07
98,39,77,391,2021-12-23 13:51:46,10,3.99,2022-12-14 19:53:55
22,5,162,392,2023-03-09 11:57:38,8,25.99,
46,42,19,393,2020-11-05 16:49:11,4,19.99,2022-03-21 11:17:15
78,6,48,394,2023-08-04 19:50:07,11,18.99,2023-11-09 06:04:05
78,65,9,394,2023-08-04 19:50:07,16,24.99,2023-11-10 18:03:53
78,96,90,394,2023-08-04 19:50:07,1,2.99,2023-12-03 19:07:37
64,8,193,395,2023-08-08 12:50:46,12,23.99,
58,52,244,396,2023-06-12 18:38:20,17,21.99,2023-09-29 19:17:11
58,51,240,396,2023-06-12 18:38:20,13,16.99,
58,10,18,396,2023-06-12 18:38:20,11,15.99,
58,50,10,396,2023-06-12 18:38:20,5,9.99,
58,2,28,396,2023-06-12 18:38:20,2,23.99,
58,5,134,396,2023-06-12 18:38:20,2,18.99,
58,65,43,396,2023-06-12 18:38:20,13,21.99,2023-10-16 21:11:02
58,22,237,396,2023-06-12 18:38:20,14,27.99,
58,50,81,396,2023-06-12 18:38:20,10,7.99,2023-06-14 04:54:17
99,2,152,397,2020-08-24 14:45:26,3,28.99,2023-02-09 22:00:03
40,81,249,398,2021-04-28 07:20:37,10,19.99,2023-04-01 02:12:26
62,13,112,399,2021-09-27 22:14:52,9,22.99,2023-01-13 17:40:00
62,42,204,399,2021-09-27 22:14:52,11,6.99,2023-06-13 09:12:32
51,82,160,400,2021-04-27 12:39:15,1,27.99,2022-03-26 01:15:20
51,50,87,400,2021-04-27 12:39:15,13,17.99,2023-02-22 06:55:19
22,98,92,401,2022-12-30 14:27:11,7,28.99,2023-03-06 22:32:27
22,9,70,401,2022-12-30 14:27:11,3,16.99,2023-12-03 05:45:44
64,82,171,402,2020-04-30 13:36:47,19,11.99,2021-02-11 21:19:09
61,81,179,403,2021-01-17 11:33:03,14,15.99,2021-10-29 20:05:59
61,6,132,403,2021-01-17 11:33:03,2,19.99,2023-03-29 21:04:13
61,81,217,403,2021-01-17 11:33:03,3,24.99,2021-06-13 05:32:51
72,65,56,404,2020-09-20 15:10:51,12,5.99,2022-04-12 12:22:20
72,50,173,404,2020-09-20 15:10:51,5,24.99,2022-02-24 01:14:36
72,10,243,404,2020-09-20 15:10:51,20,15.99,2021-09-03 06:15:50
77,65,47,405,2021-05-18 05:24:21,4,21.99,2021-12-22 05:43:12
77,39,77,405,2021-05-18 05:24:21,4,18.99,2022-03-07 00:45:15
88,96,231,406,2021-03-13 03:26:42,9,6.99,2022-07-30 11:42:39
90,8,60,407,2021-10-17 15:01:58,18,18.99,2022-03-22 00:49:36
90,5,162,407,2021-10-17 15:01:58,7,16.99,2023-04-04 04:10:52
90,42,19,407,2021-10-17 15:01:58,11,10.99,2023-08-12 16:59:04
8,65,56,408,2023-01-13 05:52:47,16,4.99,
21,5,162,409,2019-09-13 14:04:53,18,22.99,2020-11-15 11:12:16
79,42,153,410,2020-04-17 18:14:50,5,8.99,2023-06-02 22:35:21
79,52,232,410,2020-04-17 18:14:50,11,5.99,2023-03-10 06:53:16
79,5,134,410,2020-04-17 18:14:50,13,14.99,2023-10-12 06:50:41
3,12,171,411,2022-05-18 06:37:22,1,12.99,2023-05-07 04:12:18
38,6,132,412,2021-09-27 12:21:53,10,14.99,2022-05-27 03:39:01
38,50,173,412,2021-09-27 12:21:53,1,10.99,2023-02-13 19:53:29
38,12,172,412,2021-09-27 12:21:53,6,21.99,2022-05-28 21:32:35
96,5,208,413,2023-04-17 02:38:22,15,2.99,2023-11-10 13:44:48
96,6,48,413,2023-04-17 02:38:22,11,14.99,2023-06-07 11:04:22
75,52,232,414,2020-05-15 04:32:21,3,17.99,2020-10-06 12:48:54
61,65,97,415,2020-07-25 12:35:24,1,10.99,2022-03-01 23:05:23
75,13,144,416,2021-01-31 15:45:26,15,20.99,2023-04-18 04:36:21
57,81,217,417,2022-08-16 10:01:40,8,4.99,2023-08-19 09:29:58
76,2,152,418,2022-04-20 10:22:34,11,6.99,2022-10-03 22:34:17
20,98,201,419,2020-06-10 17:21:39,9,7.99,2021-04-16 22:51:58
48,6,135,420,2020-04-01 03:43:15,10,13.99,2023-09-13 21:14:31
48,10,109,420,2020-04-01 03:43:15,20,8.99,2023-10-08 23:01:35
48,8,60,420,2020-04-01 03:43:15,1,5.99,2023-02-01 09:18:21
48,5,121,420,2020-04-01 03:43:15,13,22.99,2021-12-31 17:37:50
72,5,208,421,2021-01-23 05:31:45,18,26.99,2021-05-07 22:15:34
57,10,107,422,2023-09-06 22:09:08,20,24.99,
57,8,60,422,2023-09-06 22:09:08,6,0.99,2023-11-20 06:53:44
57,42,204,422,2023-09-06 22:09:08,9,19.99,2023-09-27 16:21:07
83,51,6,423,2019-05-09 03:39:50,20,24.99,2020-12-13 13:53:37
84,8,60,424,2020-08-18 17:48:01,17,18.99,2021-11-13 15:26:25
84,22,237,424,2020-08-18 17:48:01,18,25.99,2020-08-20 00:25:33
84,51,240,424,2020-08-18 17:48:01,8,25.99,2023-02-06 22:30:17
52,12,172,425,2021-12-12 13:54:45,3,23.99,2022-08-24 21:43:19
52,12,196,425,2021-12-12 13:54:45,12,7.99,2023-09-11 00:58:42
52,81,217,425,2021-12-12 13:54:45,1,26.99,2023-09-23 22:15:33
51,81,123,426,2019-01-03 22:33:29,14,3.99,2020-12-29 06:29:46
37,42,19,427,2018-12-21 17:24:55,6,25.99,2023-11-05 15:21:08
82,42,153,428,2019-01-20 03:34:58,2,8.99,2019-10-29 13:02:07
76,6,231,429,2020-06-05 02:41:04,8,8.99,2023-03-13 06:17:32
5,52,120,430,2022-04-17 07:18:04,13,21.99,2022-11-23 02:29:32
5,8,60,430,2022-04-17 07:18:04,1,3.99,2023-09-20 01:07:10
5,13,16,430,2022-04-17 07:18:04,17,19.99,2022-09-20 10:02:44
5,51,157,430,2022-04-17 07:18:04,20,7.99,2022-10-25 10:13:05
63,96,116,431,2023-04-20 03:23:09,2,2.99,
27,9,186,432,2019-03-29 11:07:54,7,20.99,2020-04-02 17:58:45
27,12,59,432,2019-03-29 11:07:54,11,5.99,2021-10-31 06:59:01
92,50,235,433,2022-06-20 05:41:32,9,17.99,2022-08-02 03:54:12
92,98,40,433,2022-06-20 05:41:32,4,5.99,2023-09-05 01:49:39
48,51,6,434,2020-10-28 06:15:09,14,17.99,2022-06-21 16:12:53
56,50,231,435,2022-01-08 07:27:16,2,28.99,2023-05-22 23:55:41
27,65,103,436,2023-04-20 11:44:20,13,23.99,
19,5,208,437,2020-05-04 22:23:30,10,20.99,2020-06-17 16:47:09
79,42,16,438,2023-06-06 21:00:24,20,9.99,
97,39,77,439,2022-01-20 01:50:15,5,13.99,2022-02-23 15:09:43
56,51,157,440,2021-03-26 15:23:03,14,3.99,2021-06-27 19:15:29
24,65,97,441,2021-10-21 08:05:24,4,22.99,2022-12-11 19:22:18
37,50,173,442,2019-06-07 05:21:54,9,23.99,2020-05-07 00:07:32
37,13,112,442,2019-06-07 05:21:54,8,13.99,2021-06-25 13:08:00
37,98,40,442,2019-06-07 05:21:54,4,5.99,2021-07-27 09:53:56
44,82,160,443,2022-04-05 09:23:10,1,29.99,2023-05-24 20:01:28
55,82,160,444,2019-11-13 21:05:47,9,10.99,2023-04-16 15:54:15
55,5,208,444,2019-11-13 21:05:47,4,15.99,2021-12-29 19:04:29
55,42,222,444,2019-11-13 21:05:47,12,13.99,2020-08-18 16:08:58
55,50,235,444,2019-11-13 21:05:47,10,3.99,2022-12-24 11:19:21
37,12,59,445,2021-01-14 07:29:47,18,0.99,2023-07-04 17:18:13
37,50,10,445,2021-01-14 07:29:47,7,3.99,2022-07-24 21:46:02
41,65,222,446,2019-10-25 12:59:28,5,20.99,2021-10-14 16:30:15
16,81,181,447,2019-06-21 09:46:32,15,15.99,2022-11-18 10:09:03
78,50,10,448,2021-08-02 15:15:37,16,2.99,2022-03-09 14:37:34
88,12,203,449,2019-07-02 16:57:12,15,10.99,2021-01-04 05:08:58
88,5,134,449,2019-07-02 16:57:12,13,0.99,2021-06-20 05:16:42
88,12,59,449,2019-07-02 16:57:12,14,12.99,2022-01-05 04:25:58
88,51,240,449,2019-07-02 16:57:12,19,5.99,2019-12-02 01:31:13
88,36,52,449,2019-07-02 16:57:12,14,2.99,2022-08-18 08:28:01
88,10,18,449,2019-07-02 16:57:12,8,13.99,2020-11-20 07:12:08
88,81,79,449,2019-07-02 16:57:12,4,12.99,2020-09-26 11:53:30
65,12,59,450,2021-01-11 13:13:29,14,19.99,2021-08-31 03:46:39
23,65,47,451,2021-11-04 02:28:05,6,14.99,2023-06-18 01:02:23
23,81,179,451,2021-11-04 02:28:05,11,22.99,2022-02-28 11:18:19
77,6,88,452,2021-01-16 17:42:33,4,23.99,2023-06-08 15:37:28
77,50,10,452,2021-01-16 17:42:33,17,24.99,2023-08-30 10:55:38
77,98,252,452,2021-01-16 17:42:33,16,13.99,2022-04-06 17:41:09
77,52,144,452,2021-01-16 17:42:33,3,26.99,2021-12-07 01:24:08
77,36,52,452,2021-01-16 17:42:33,9,21.99,2023-03-23 10:19:24
75,13,112,453,2021-10-30 20:09:56,9,26.99,2023-05-15 09:50:32
75,98,252,453,2021-10-30 20:09:56,8,14.99,2023-07-13 10:06:57
12,6,231,454,2022-09-03 07:28:53,9,29.99,2023-05-21 08:06:19
43,10,109,455,2021-09-01 19:58:41,8,24.99,2023-03-03 23:49:07
43,22,43,455,2021-09-01 19:58:41,13,26.99,2022-07-11 14:37:00
80,2,28,456,2023-11-17 19:18:11,9,5.99,
15,65,103,457,2021-08-10 23:12:09,1,15.99,2023-06-16 06:39:21
15,6,48,457,2021-08-10 23:12:09,2,28.99,2022-11-07 07:13:05
15,10,243,457,2021-08-10 23:12:09,12,9.99,2022-08-22 13:23:57
15,10,18,457,2021-08-10 23:12:09,14,22.99,2022-12-17 00:06:43
15,81,79,457,2021-08-10 23:12:09,10,22.99,2021-09-12 04:18:35
80,5,121,458,2022-03-08 03:22:43,7,1.99,2022-07-10 17:58:23
0,42,153,459,2020-05-09 12:54:13,19,18.99,2023-03-31 12:32:17
98,5,162,460,2019-05-26 07:29:09,8,17.99,2021-04-28 00:01:46
72,51,251,461,2022-02-14 06:27:05,18,23.99,2022-10-15 18:33:44
72,81,179,461,2022-02-14 06:27:05,16,4.99,2023-06-08 07:01:17
72,51,157,461,2022-02-14 06:27:05,2,20.99,2022-08-22 14:47:48
72,6,48,461,2022-02-14 06:27:05,8,11.99,2022-05-01 13:17:18
76,50,235,462,2023-09-12 06:54:26,3,12.99,2023-11-08 13:38:19
76,81,179,462,2023-09-12 06:54:26,15,25.99,
76,51,108,462,2023-09-12 06:54:26,11,8.99,2023-11-19 13:39:32
76,6,48,462,2023-09-12 06:54:26,18,0.99,2023-10-10 19:44:44
76,5,162,462,2023-09-12 06:54:26,15,13.99,2023-11-06 16:37:09
84,36,52,463,2021-07-21 03:06:52,4,2.99,2022-11-20 21:54:45
84,65,9,463,2021-07-21 03:06:52,9,8.99,2023-09-27 04:11:04
13,12,196,464,2023-12-06 20:47:40,10,19.99,2023-12-07 20:17:31
13,42,204,464,2023-12-06 20:47:40,1,14.99,2023-12-07 04:41:24
13,13,112,464,2023-12-06 20:47:40,4,0.99,
13,98,92,464,2023-12-06 20:47:40,1,25.99,
85,50,78,465,2019-02-08 15:47:58,16,7.99,2021-02-12 11:54:37
85,12,203,465,2019-02-08 15:47:58,9,3.99,2021-09-02 00:29:53
95,12,171,466,2022-05-08 15:54:49,20,8.99,2023-04-20 17:52:09
1,50,173,467,2023-11-02 21:24:13,20,12.99,2023-12-02 01:33:52
11,6,132,468,2020-03-29 17:31:13,13,4.99,2022-03-08 15:59:08
11,12,171,468,2020-03-29 17:31:13,9,21.99,2022-11-25 05:13:52
11,10,18,468,2020-03-29 17:31:13,6,28.99,2022-08-02 22:48:51
60,50,87,469,2019-09-26 14:44:03,1,27.99,2023-09-09 06:36:49
60,52,232,469,2019-09-26 14:44:03,2,20.99,2023-01-13 09:43:10
42,12,90,470,2021-12-31 00:14:59,2,18.99,2022-10-25 04:31:55
36,96,116,471,2022-12-26 20:55:22,2,4.99,2023-07-24 19:37:39
34,51,157,472,2021-08-28 08:31:38,3,26.99,2023-02-21 13:49:36
34,81,181,472,2021-08-28 08:31:38,6,11.99,2023-03-08 20:51:11
34,12,171,472,2021-08-28 08:31:38,16,27.99,2021-08-31 04:40:01
44,42,153,473,2020-12-02 11:59:17,4,28.99,2023-08-24 23:04:10
48,5,162,474,2019-04-01 15:04:46,11,13.99,2019-06-19 19:03:32
32,98,92,475,2020-09-27 21:35:12,6,23.99,2022-09-20 14:00:08
32,6,132,475,2020-09-27 21:35:12,13,24.99,2023-02-17 21:16:24
17,5,134,476,2019-06-08 00:46:44,1,9.99,2021-08-16 10:46:45
99,42,19,477,2023-11-17 18:35:43,10,10.99,
33,50,173,478,2021-10-12 12:20:22,8,15.99,2021-12-24 23:07:56
66,96,223,479,2019-02-02 01:10:36,13,8.99,2021-10-19 04:39:35
25,5,41,480,2019-11-28 09:11:59,18,9.99,2020-12-11 04:55:26
25,81,217,480,2019-11-28 09:11:59,18,22.99,2021-03-28 13:03:28
25,6,216,480,2019-11-28 09:11:59,8,3.99,2022-05-05 00:42:49
55,51,251,481,2020-06-18 21:14:31,15,24.99,2021-07-31 14:19:56
86,9,186,482,2021-06-13 18:19:15,11,6.99,2022-08-13 15:16:30
7,82,227,483,2019-10-16 02:27:23,5,12.99,2023-12-07 01:00:31
7,8,244,483,2019-10-16 02:27:23,1,3.99,2019-12-19 16:37:24
7,51,240,483,2019-10-16 02:27:23,19,5.99,2020-06-12 18:26:14
70,42,127,484,2020-07-10 14:46:08,14,5.99,2022-03-06 19:32:43
70,65,97,484,2020-07-10 14:46:08,19,22.99,2020-07-26 03:25:47
70,98,40,484,2020-07-10 14:46:08,12,25.99,2021-12-24 10:38:04
70,98,92,484,2020-07-10 14:46:08,12,16.99,2022-01-29 00:31:40
46,5,121,485,2023-10-30 13:28:06,9,22.99,
17,51,108,486,2023-03-28 09:26:43,4,4.99,2023-07-30 03:57:12
17,6,88,486,2023-03-28 09:26:43,20,3.99,
23,50,78,487,2022-04-18 16:51:13,14,1.99,2023-01-23 14:57:07
33,82,88,488,2020-06-17 18:12:21,11,12.99,2022-05-14 02:40:10
33,98,40,488,2020-06-17 18:12:21,9,17.99,2023-04-12 20:57:12
33,65,43,488,2020-06-17 18:12:21,14,21.99,2021-05-05 05:06:04
58,10,243,489,2022-07-26 23:22:59,19,30.99,2023-02-01 16:07:31
58,81,217,489,2022-07-26 23:22:59,15,4.99,2023-06-09 18:46:33
58,6,88,489,2022-07-26 23:22:59,2,27.99,2023-05-24 14:25:02
58,12,172,489,2022-07-26 23:22:59,7,5.99,2023-06-26 15:28:35
58,82,227,489,2022-07-26 23:22:59,13,11.99,2023-11-16 06:27:24
58,51,6,489,2022-07-26 23:22:59,16,30.99,2023-11-04 22:31:38
58,42,19,489,2022-07-26 23:22:59,13,16.99,2022-09-12 09:21:03
41,13,16,490,2019-12-22 05:02:08,17,13.99,2022-08-15 20:21:56
49,42,153,491,2020-11-15 09:19:31,5,5.99,2021-12-17 06:47:16
49,50,87,491,2020-11-15 09:19:31,3,21.99,2022-11-30 20:07:47
49,10,18,491,2020-11-15 09:19:31,10,7.99,2023-04-16 02:22:22
17,81,217,492,2021-03-30 08:28:22,7,19.99,2022-11-01 00:54:04
17,2,152,492,2021-03-30 08:28:22,20,11.99,2023-01-29 20:43:13
17,82,227,492,2021-03-30 08:28:22,4,7.99,2023-11-01 14:04:29
32,31,238,493,2023-11-06 00:47:47,18,28.99,2023-11-15 17:16:43
84,31,238,494,2023-01-09 04:07:40,12,6.99,2023-11-24 21:57:22
84,50,235,494,2023-01-09 04:07:40,1,6.99,2023-10-25 07:09:48
84,82,160,494,2023-01-09 04:07:40,12,8.99,2023-05-09 10:23:25
84,12,172,494,2023-01-09 04:07:40,9,16.99,2023-06-12 10:07:05
84,50,78,494,2023-01-09 04:07:40,7,19.99,
94,50,87,495,2022-06-04 13:45:27,1,4.99,2023-07-18 15:11:11
94,12,172,495,2022-06-04 13:45:27,14,6.99,2022-08-24 03:43:30
19,42,16,496,2020-09-18 22:12:05,10,7.99,2021-04-09 11:10:38
73,8,60,497,2020-04-16 04:17:49,2,6.99,2020-09-25 21:36:44
73,6,48,497,2020-04-16 04:17:49,9,7.99,2022-09-26 01:28:35
7,12,59,498,2021-04-23 12:36:20,19,16.99,2022-11-21 00:01:05
42,6,132,499,2023-09-16 20:22:53,17,0.99,
42,5,134,499,2023-09-16 20:22:53,1,26.99,2023-10-20 00:05:10
42,13,250,499,2023-09-16 20:22:53,19,23.99,
85,42,19,500,2019-08-25 09:41:09,19,27.99,2021-10-10 10:17:22
92,52,232,501,2020-03-19 10:36:31,2,22.99,2020-04-02 19:38:34
46,6,48,502,2019-03-06 04:10:31,12,9.99,2022-01-09 15:25:21
75,51,108,503,2022-05-01 07:34:18,18,4.99,2023-11-06 08:04:01
70,6,135,504,2020-07-30 09:44:32,7,29.99,2021-12-13 19:06:47
18,81,179,505,2019-04-15 02:24:14,3,18.99,2019-07-25 14:55:30
52,81,79,506,2023-10-14 21:04:36,4,13.99,
52,50,235,506,2023-10-14 21:04:36,9,20.99,2023-11-06 18:10:25
49,52,244,507,2022-08-21 20:33:53,7,16.99,2023-01-26 18:09:45
49,2,152,507,2022-08-21 20:33:53,5,23.99,2023-07-13 00:56:10
49,6,132,507,2022-08-21 20:33:53,20,10.99,2023-05-30 18:35:20
49,81,79,507,2022-08-21 20:33:53,9,9.99,2023-09-21 11:16:42
27,82,227,508,2023-10-02 13:31:17,1,23.99,2023-11-26 12:47:37
82,6,132,509,2019-10-19 19:25:06,2,24.99,2020-03-23 00:42:08
79,13,144,510,2021-05-05 21:58:40,4,15.99,2022-05-14 13:40:50
79,5,121,510,2021-05-05 21:58:40,4,23.99,2023-01-04 04:32:13
41,51,6,511,2020-11-06 14:45:16,5,15.99,2021-11-11 08:33:53
72,50,235,512,2019-05-25 23:09:08,15,9.99,2023-06-14 18:42:01
54,98,201,513,2021-01-15 13:57:38,7,8.99,2023-09-10 15:58:50
91,82,88,514,2021-06-13 06:36:31,4,7.99,2023-05-12 01:10:19
83,42,153,515,2022-12-26 11:23:00,9,2.99,2023-10-27 15:53:04
57,51,6,516,2020-04-17 22:00:18,20,29.99,2021-03-16 08:14:07
55,82,9,517,2021-03-02 01:53:59,13,28.99,2021-11-16 17:49:42
55,6,48,517,2021-03-02 01:53:59,18,23.99,2023-04-02 13:17:16
55,6,135,517,2021-03-02 01:53:59,20,21.99,2022-08-20 10:41:54
39,82,9,518,2022-09-24 11:37:28,7,5.99,2023-07-28 15:43:38
40,10,18,519,2019-02-22 11:11:29,12,25.99,2019-06-11 01:32:26
40,42,19,519,2019-02-22 11:11:29,1,5.99,2023-10-23 06:49:42
40,5,162,519,2019-02-22 11:11:29,14,10.99,2021-09-13 21:39:44
3,42,153,520,2023-08-31 10:22:19,13,2.99,
3,5,41,520,2023-08-31 10:22:19,2,29.99,
3,96,231,520,2023-08-31 10:22:19,20,8.99,2023-09-03 03:14:03
3,51,240,520,2023-08-31 10:22:19,19,27.99,
35,65,47,521,2019-10-17 12:32:16,4,26.99,2020-07-24 04:39:26
35,96,231,521,2019-10-17 12:32:16,18,15.99,2020-10-22 23:04:43
77,82,227,522,2021-02-23 03:26:35,7,21.99,2022-01-06 05:02:28
62,5,162,523,2019-07-30 02:54:46,1,15.99,2020-09-06 05:40:24
62,39,225,523,2019-07-30 02:54:46,8,15.99,2020-02-21 06:57:49
97,96,90,524,2019-12-11 14:01:22,5,23.99,2021-10-15 18:49:33
77,51,157,525,2020-07-27 00:10:48,18,21.99,2020-09-22 09:10:48
77,36,52,525,2020-07-27 00:10:48,5,1.99,2023-07-20 06:04:42
